Date,Year,DayOfYear,Daily_Spending_RM
2016-01-01,2016,1,61.26
2016-01-02,2016,2,39.67
2016-01-03,2016,3,118.2
2016-01-04,2016,4,31.14
2016-01-05,2016,5,94.72
2016-01-06,2016,6,37.5
2016-01-07,2016,7,29.74
2016-01-08,2016,8,68.74
2016-01-09,2016,9,32.22
2016-01-10,2016,10,82.6
2016-01-11,2016,11,108.6
2016-01-12,2016,12,32.35
2016-01-13,2016,13,80.08
2016-01-14,2016,14,23.86
2016-01-15,2016,15,34.06
2016-01-16,2016,16,37.63
2016-01-17,2016,17,51.59
2016-01-18,2016,18,28.78
2016-01-19,2016,19,20.04
2016-01-20,2016,20,25.5
2016-01-21,2016,21,29.83
2016-01-22,2016,22,30.58
2016-01-23,2016,23,38.84
2016-01-24,2016,24,37.04
2016-01-25,2016,25,29.6
2016-01-26,2016,26,37.38
2016-01-27,2016,27,81.51
2016-01-28,2016,28,31.53
2016-01-29,2016,29,33.79
2016-01-30,2016,30,72.97
2016-01-31,2016,31,42.16
2016-02-01,2016,32,36.79
2016-02-02,2016,33,33.31
2016-02-03,2016,34,37.88
2016-02-04,2016,35,106.25
2016-02-05,2016,36,34.36
2016-02-06,2016,37,51.46
2016-02-07,2016,38,49.82
2016-02-08,2016,39,37.71
2016-02-09,2016,40,42.82
2016-02-10,2016,41,24.79
2016-02-11,2016,42,31.52
2016-02-12,2016,43,96.1
2016-02-13,2016,44,51.25
2016-02-14,2016,45,132.12
2016-02-15,2016,46,41.05
2016-02-16,2016,47,116.23
2016-02-17,2016,48,107.42
2016-02-18,2016,49,48.27
2016-02-19,2016,50,43.36
2016-02-20,2016,51,29.62
2016-02-21,2016,52,54.42
2016-02-22,2016,53,42.89
2016-02-23,2016,54,26.37
2016-02-24,2016,55,43.11
2016-02-25,2016,56,29.95
2016-02-26,2016,57,27.96
2016-02-27,2016,58,123.3
2016-02-28,2016,59,59.81
2016-02-29,2016,60,34.25
2016-03-01,2016,61,116.2
2016-03-02,2016,62,109.3
2016-03-03,2016,63,51.69
2016-03-04,2016,64,27.66
2016-03-05,2016,65,119.49
2016-03-06,2016,66,56.68
2016-03-07,2016,67,39.33
2016-03-08,2016,68,23.74
2016-03-09,2016,69,47.47
2016-03-10,2016,70,80.36
2016-03-11,2016,71,22.59
2016-03-12,2016,72,46.64
2016-03-13,2016,73,50.52
2016-03-14,2016,74,15.44
2016-03-15,2016,75,46.03
2016-03-16,2016,76,39.53
2016-03-17,2016,77,74.84
2016-03-18,2016,78,76.23
2016-03-19,2016,79,126.56
2016-03-20,2016,80,127.77
2016-03-21,2016,81,80.42
2016-03-22,2016,82,27.11
2016-03-23,2016,83,43.71
2016-03-24,2016,84,36.56
2016-03-25,2016,85,99.12
2016-03-26,2016,86,40.67
2016-03-27,2016,87,51.26
2016-03-28,2016,88,32.64
2016-03-29,2016,89,87.9
2016-03-30,2016,90,31.9
2016-03-31,2016,91,117.91
2016-04-01,2016,92,41.67
2016-04-02,2016,93,114.42
2016-04-03,2016,94,84.98
2016-04-04,2016,95,115.15
2016-04-05,2016,96,113.57
2016-04-06,2016,97,27.85
2016-04-07,2016,98,65.06
2016-04-08,2016,99,94.2
2016-04-09,2016,100,61.97
2016-04-10,2016,101,95.4
2016-04-11,2016,102,40.37
2016-04-12,2016,103,32.18
2016-04-13,2016,104,50.47
2016-04-14,2016,105,71.02
2016-04-15,2016,106,121.04
2016-04-16,2016,107,41.37
2016-04-17,2016,108,33.7
2016-04-18,2016,109,111.05
2016-04-19,2016,110,78.11
2016-04-20,2016,111,118.43
2016-04-21,2016,112,43.57
2016-04-22,2016,113,92.95
2016-04-23,2016,114,60.09
2016-04-24,2016,115,101.43
2016-04-25,2016,116,57.35
2016-04-26,2016,117,34.67
2016-04-27,2016,118,13.25
2016-04-28,2016,119,116.98
2016-04-29,2016,120,82.7
2016-04-30,2016,121,49.7
2016-05-01,2016,122,43.47
2016-05-02,2016,123,30.02
2016-05-03,2016,124,36.76
2016-05-04,2016,125,84.03
2016-05-05,2016,126,28.62
2016-05-06,2016,127,53.09
2016-05-07,2016,128,46.61
2016-05-08,2016,129,42.17
2016-05-09,2016,130,20.86
2016-05-10,2016,131,49.74
2016-05-11,2016,132,29.61
2016-05-12,2016,133,44.4
2016-05-13,2016,134,42.07
2016-05-14,2016,135,34.23
2016-05-15,2016,136,48.21
2016-05-16,2016,137,22.61
2016-05-17,2016,138,121.43
2016-05-18,2016,139,76.75
2016-05-19,2016,140,34.05
2016-05-20,2016,141,69.73
2016-05-21,2016,142,50.46
2016-05-22,2016,143,61.97
2016-05-23,2016,144,71.62
2016-05-24,2016,145,39.74
2016-05-25,2016,146,100.31
2016-05-26,2016,147,43.34
2016-05-27,2016,148,38.01
2016-05-28,2016,149,48.18
2016-05-29,2016,150,50.87
2016-05-30,2016,151,40.73
2016-05-31,2016,152,30.73
2016-06-01,2016,153,31.3
2016-06-02,2016,154,14.52
2016-06-03,2016,155,26.0
2016-06-04,2016,156,34.83
2016-06-05,2016,157,30.16
2016-06-06,2016,158,20.21
2016-06-07,2016,159,22.36
2016-06-08,2016,160,34.07
2016-06-09,2016,161,19.74
2016-06-10,2016,162,96.01
2016-06-11,2016,163,74.11
2016-06-12,2016,164,119.91
2016-06-13,2016,165,71.29
2016-06-14,2016,166,87.83
2016-06-15,2016,167,24.85
2016-06-16,2016,168,91.73
2016-06-17,2016,169,69.81
2016-06-18,2016,170,33.27
2016-06-19,2016,171,86.62
2016-06-20,2016,172,23.6
2016-06-21,2016,173,22.56
2016-06-22,2016,174,19.35
2016-06-23,2016,175,37.72
2016-06-24,2016,176,89.74
2016-06-25,2016,177,15.65
2016-06-26,2016,178,27.08
2016-06-27,2016,179,25.65
2016-06-28,2016,180,30.82
2016-06-29,2016,181,21.07
2016-06-30,2016,182,65.15
2016-07-01,2016,183,27.63
2016-07-02,2016,184,24.16
2016-07-03,2016,185,82.23
2016-07-04,2016,186,22.95
2016-07-05,2016,187,29.64
2016-07-06,2016,188,68.61
2016-07-07,2016,189,23.36
2016-07-08,2016,190,88.95
2016-07-09,2016,191,86.77
2016-07-10,2016,192,27.0
2016-07-11,2016,193,13.33
2016-07-12,2016,194,24.98
2016-07-13,2016,195,26.83
2016-07-14,2016,196,26.91
2016-07-15,2016,197,65.63
2016-07-16,2016,198,76.48
2016-07-17,2016,199,39.72
2016-07-18,2016,200,26.1
2016-07-19,2016,201,15.74
2016-07-20,2016,202,10.97
2016-07-21,2016,203,30.6
2016-07-22,2016,204,81.91
2016-07-23,2016,205,31.01
2016-07-24,2016,206,24.02
2016-07-25,2016,207,55.45
2016-07-26,2016,208,14.65
2016-07-27,2016,209,26.68
2016-07-28,2016,210,57.67
2016-07-29,2016,211,10.29
2016-07-30,2016,212,22.7
2016-07-31,2016,213,73.72
2016-08-01,2016,214,15.94
2016-08-02,2016,215,27.11
2016-08-03,2016,216,27.6
2016-08-04,2016,217,32.85
2016-08-05,2016,218,28.91
2016-08-06,2016,219,23.17
2016-08-07,2016,220,50.76
2016-08-08,2016,221,27.62
2016-08-09,2016,222,29.4
2016-08-10,2016,223,72.58
2016-08-11,2016,224,107.17
2016-08-12,2016,225,18.99
2016-08-13,2016,226,34.73
2016-08-14,2016,227,42.38
2016-08-15,2016,228,40.47
2016-08-16,2016,229,32.7
2016-08-17,2016,230,11.61
2016-08-18,2016,231,39.78
2016-08-19,2016,232,26.38
2016-08-20,2016,233,117.77
2016-08-21,2016,234,43.58
2016-08-22,2016,235,116.19
2016-08-23,2016,236,24.87
2016-08-24,2016,237,104.64
2016-08-25,2016,238,46.72
2016-08-26,2016,239,115.96
2016-08-27,2016,240,59.09
2016-08-28,2016,241,120.09
2016-08-29,2016,242,105.3
2016-08-30,2016,243,33.96
2016-08-31,2016,244,73.41
2016-09-01,2016,245,74.65
2016-09-02,2016,246,34.12
2016-09-03,2016,247,92.69
2016-09-04,2016,248,58.47
2016-09-05,2016,249,39.77
2016-09-06,2016,250,37.39
2016-09-07,2016,251,35.09
2016-09-08,2016,252,50.83
2016-09-09,2016,253,47.9
2016-09-10,2016,254,98.52
2016-09-11,2016,255,49.86
2016-09-12,2016,256,40.16
2016-09-13,2016,257,33.68
2016-09-14,2016,258,108.59
2016-09-15,2016,259,36.86
2016-09-16,2016,260,38.02
2016-09-17,2016,261,97.8
2016-09-18,2016,262,37.41
2016-09-19,2016,263,46.75
2016-09-20,2016,264,28.19
2016-09-21,2016,265,39.34
2016-09-22,2016,266,113.27
2016-09-23,2016,267,40.55
2016-09-24,2016,268,44.14
2016-09-25,2016,269,73.54
2016-09-26,2016,270,41.2
2016-09-27,2016,271,29.71
2016-09-28,2016,272,34.49
2016-09-29,2016,273,38.65
2016-09-30,2016,274,67.63
2016-10-01,2016,275,46.5
2016-10-02,2016,276,41.98
2016-10-03,2016,277,37.67
2016-10-04,2016,278,41.12
2016-10-05,2016,279,108.59
2016-10-06,2016,280,55.94
2016-10-07,2016,281,73.34
2016-10-08,2016,282,44.94
2016-10-09,2016,283,132.04
2016-10-10,2016,284,27.3
2016-10-11,2016,285,40.62
2016-10-12,2016,286,80.4
2016-10-13,2016,287,28.76
2016-10-14,2016,288,36.44
2016-10-15,2016,289,38.47
2016-10-16,2016,290,59.6
2016-10-17,2016,291,42.11
2016-10-18,2016,292,38.63
2016-10-19,2016,293,32.97
2016-10-20,2016,294,39.07
2016-10-21,2016,295,41.99
2016-10-22,2016,296,51.9
2016-10-23,2016,297,137.72
2016-10-24,2016,298,106.08
2016-10-25,2016,299,35.89
2016-10-26,2016,300,36.46
2016-10-27,2016,301,36.56
2016-10-28,2016,302,27.46
2016-10-29,2016,303,121.4
2016-10-30,2016,304,90.39
2016-10-31,2016,305,119.23
2016-11-01,2016,306,119.02
2016-11-02,2016,307,112.92
2016-11-03,2016,308,40.3
2016-11-04,2016,309,45.21
2016-11-05,2016,310,42.1
2016-11-06,2016,311,52.71
2016-11-07,2016,312,31.66
2016-11-08,2016,313,42.92
2016-11-09,2016,314,41.28
2016-11-10,2016,315,111.92
2016-11-11,2016,316,117.4
2016-11-12,2016,317,51.48
2016-11-13,2016,318,53.09
2016-11-14,2016,319,43.42
2016-11-15,2016,320,77.79
2016-11-16,2016,321,29.44
2016-11-17,2016,322,27.9
2016-11-18,2016,323,21.84
2016-11-19,2016,324,111.15
2016-11-20,2016,325,49.69
2016-11-21,2016,326,72.87
2016-11-22,2016,327,33.62
2016-11-23,2016,328,38.38
2016-11-24,2016,329,105.28
2016-11-25,2016,330,54.01
2016-11-26,2016,331,57.17
2016-11-27,2016,332,97.75
2016-11-28,2016,333,111.24
2016-11-29,2016,334,36.24
2016-11-30,2016,335,25.97
2016-12-01,2016,336,32.4
2016-12-02,2016,337,24.9
2016-12-03,2016,338,80.65
2016-12-04,2016,339,37.82
2016-12-05,2016,340,34.95
2016-12-06,2016,341,99.06
2016-12-07,2016,342,27.18
2016-12-08,2016,343,59.85
2016-12-09,2016,344,97.08
2016-12-10,2016,345,31.9
2016-12-11,2016,346,14.06
2016-12-12,2016,347,21.08
2016-12-13,2016,348,18.27
2016-12-14,2016,349,108.95
2016-12-15,2016,350,24.97
2016-12-16,2016,351,91.42
2016-12-17,2016,352,22.68
2016-12-18,2016,353,51.96
2016-12-19,2016,354,26.32
2016-12-20,2016,355,86.07
2016-12-21,2016,356,28.85
2016-12-22,2016,357,15.79
2016-12-23,2016,358,14.93
2016-12-24,2016,359,27.11
2016-12-25,2016,360,26.09
2016-12-26,2016,361,19.01
2016-12-27,2016,362,24.37
2016-12-28,2016,363,92.24
2016-12-29,2016,364,20.35
2016-12-30,2016,365,22.74
2016-12-31,2016,366,62.82
2017-01-01,2017,1,79.8
2017-01-02,2017,2,96.31
2017-01-03,2017,3,105.68
2017-01-04,2017,4,82.79
2017-01-05,2017,5,22.65
2017-01-06,2017,6,33.77
2017-01-07,2017,7,32.88
2017-01-08,2017,8,28.61
2017-01-09,2017,9,21.12
2017-01-10,2017,10,26.16
2017-01-11,2017,11,73.08
2017-01-12,2017,12,100.92
2017-01-13,2017,13,99.39
2017-01-14,2017,14,121.86
2017-01-15,2017,15,49.64
2017-01-16,2017,16,24.09
2017-01-17,2017,17,30.16
2017-01-18,2017,18,23.61
2017-01-19,2017,19,44.23
2017-01-20,2017,20,40.25
2017-01-21,2017,21,108.74
2017-01-22,2017,22,29.57
2017-01-23,2017,23,108.68
2017-01-24,2017,24,26.01
2017-01-25,2017,25,69.96
2017-01-26,2017,26,21.5
2017-01-27,2017,27,115.46
2017-01-28,2017,28,23.32
2017-01-29,2017,29,39.04
2017-01-30,2017,30,37.75
2017-01-31,2017,31,26.39
2017-02-01,2017,32,26.4
2017-02-02,2017,33,35.59
2017-02-03,2017,34,120.2
2017-02-04,2017,35,91.77
2017-02-05,2017,36,55.96
2017-02-06,2017,37,115.95
2017-02-07,2017,38,26.41
2017-02-08,2017,39,34.75
2017-02-09,2017,40,26.5
2017-02-10,2017,41,121.39
2017-02-11,2017,42,99.12
2017-02-12,2017,43,24.89
2017-02-13,2017,44,42.75
2017-02-14,2017,45,81.49
2017-02-15,2017,46,88.36
2017-02-16,2017,47,68.0
2017-02-17,2017,48,39.8
2017-02-18,2017,49,43.94
2017-02-19,2017,50,52.97
2017-02-20,2017,51,85.71
2017-02-21,2017,52,36.34
2017-02-22,2017,53,36.92
2017-02-23,2017,54,35.47
2017-02-24,2017,55,30.34
2017-02-25,2017,56,138.91
2017-02-26,2017,57,132.48
2017-02-27,2017,58,32.59
2017-02-28,2017,59,34.95
2017-03-01,2017,60,109.74
2017-03-02,2017,61,51.9
2017-03-03,2017,62,82.03
2017-03-04,2017,63,116.48
2017-03-05,2017,64,49.7
2017-03-06,2017,65,20.46
2017-03-07,2017,66,24.63
2017-03-08,2017,67,111.37
2017-03-09,2017,68,27.23
2017-03-10,2017,69,31.95
2017-03-11,2017,70,40.9
2017-03-12,2017,71,49.32
2017-03-13,2017,72,105.64
2017-03-14,2017,73,102.81
2017-03-15,2017,74,105.45
2017-03-16,2017,75,28.31
2017-03-17,2017,76,85.66
2017-03-18,2017,77,41.9
2017-03-19,2017,78,49.31
2017-03-20,2017,79,109.46
2017-03-21,2017,80,117.43
2017-03-22,2017,81,39.67
2017-03-23,2017,82,85.85
2017-03-24,2017,83,23.76
2017-03-25,2017,84,106.78
2017-03-26,2017,85,61.27
2017-03-27,2017,86,116.43
2017-03-28,2017,87,91.44
2017-03-29,2017,88,101.25
2017-03-30,2017,89,81.2
2017-03-31,2017,90,103.52
2017-04-01,2017,91,102.13
2017-04-02,2017,92,89.56
2017-04-03,2017,93,37.98
2017-04-04,2017,94,48.2
2017-04-05,2017,95,45.72
2017-04-06,2017,96,106.73
2017-04-07,2017,97,37.02
2017-04-08,2017,98,53.71
2017-04-09,2017,99,56.45
2017-04-10,2017,100,29.27
2017-04-11,2017,101,39.33
2017-04-12,2017,102,43.99
2017-04-13,2017,103,34.13
2017-04-14,2017,104,113.13
2017-04-15,2017,105,114.0
2017-04-16,2017,106,46.11
2017-04-17,2017,107,27.18
2017-04-18,2017,108,80.96
2017-04-19,2017,109,34.02
2017-04-20,2017,110,34.6
2017-04-21,2017,111,37.02
2017-04-22,2017,112,133.0
2017-04-23,2017,113,42.0
2017-04-24,2017,114,79.01
2017-04-25,2017,115,37.02
2017-04-26,2017,116,33.99
2017-04-27,2017,117,26.72
2017-04-28,2017,118,85.33
2017-04-29,2017,119,41.92
2017-04-30,2017,120,51.89
2017-05-01,2017,121,28.57
2017-05-02,2017,122,42.54
2017-05-03,2017,123,30.2
2017-05-04,2017,124,122.01
2017-05-05,2017,125,84.7
2017-05-06,2017,126,39.78
2017-05-07,2017,127,112.84
2017-05-08,2017,128,74.2
2017-05-09,2017,129,35.32
2017-05-10,2017,130,91.79
2017-05-11,2017,131,32.94
2017-05-12,2017,132,47.41
2017-05-13,2017,133,88.56
2017-05-14,2017,134,34.98
2017-05-15,2017,135,46.53
2017-05-16,2017,136,43.8
2017-05-17,2017,137,36.17
2017-05-18,2017,138,116.84
2017-05-19,2017,139,29.32
2017-05-20,2017,140,46.23
2017-05-21,2017,141,58.12
2017-05-22,2017,142,117.63
2017-05-23,2017,143,88.74
2017-05-24,2017,144,41.65
2017-05-25,2017,145,47.14
2017-05-26,2017,146,69.5
2017-05-27,2017,147,56.83
2017-05-28,2017,148,65.24
2017-05-29,2017,149,21.61
2017-05-30,2017,150,41.98
2017-05-31,2017,151,50.34
2017-06-01,2017,152,34.01
2017-06-02,2017,153,15.95
2017-06-03,2017,154,47.67
2017-06-04,2017,155,23.99
2017-06-05,2017,156,15.63
2017-06-06,2017,157,15.35
2017-06-07,2017,158,26.43
2017-06-08,2017,159,14.1
2017-06-09,2017,160,34.56
2017-06-10,2017,161,56.24
2017-06-11,2017,162,86.64
2017-06-12,2017,163,65.16
2017-06-13,2017,164,60.7
2017-06-14,2017,165,80.89
2017-06-15,2017,166,10.06
2017-06-16,2017,167,102.69
2017-06-17,2017,168,28.8
2017-06-18,2017,169,33.91
2017-06-19,2017,170,27.27
2017-06-20,2017,171,20.28
2017-06-21,2017,172,91.93
2017-06-22,2017,173,29.78
2017-06-23,2017,174,26.99
2017-06-24,2017,175,19.09
2017-06-25,2017,176,76.56
2017-06-26,2017,177,31.14
2017-06-27,2017,178,18.51
2017-06-28,2017,179,22.54
2017-06-29,2017,180,44.03
2017-06-30,2017,181,20.71
2017-07-01,2017,182,112.18
2017-07-02,2017,183,80.55
2017-07-03,2017,184,13.75
2017-07-04,2017,185,73.06
2017-07-05,2017,186,24.59
2017-07-06,2017,187,61.34
2017-07-07,2017,188,107.26
2017-07-08,2017,189,103.74
2017-07-09,2017,190,23.39
2017-07-10,2017,191,17.57
2017-07-11,2017,192,29.3
2017-07-12,2017,193,21.55
2017-07-13,2017,194,30.89
2017-07-14,2017,195,25.16
2017-07-15,2017,196,52.99
2017-07-16,2017,197,42.71
2017-07-17,2017,198,98.37
2017-07-18,2017,199,103.74
2017-07-19,2017,200,22.09
2017-07-20,2017,201,12.09
2017-07-21,2017,202,12.82
2017-07-22,2017,203,26.78
2017-07-23,2017,204,27.8
2017-07-24,2017,205,74.26
2017-07-25,2017,206,99.91
2017-07-26,2017,207,62.38
2017-07-27,2017,208,92.45
2017-07-28,2017,209,79.95
2017-07-29,2017,210,41.9
2017-07-30,2017,211,36.38
2017-07-31,2017,212,79.98
2017-08-01,2017,213,35.93
2017-08-02,2017,214,28.36
2017-08-03,2017,215,34.15
2017-08-04,2017,216,66.53
2017-08-05,2017,217,34.45
2017-08-06,2017,218,103.81
2017-08-07,2017,219,27.35
2017-08-08,2017,220,32.28
2017-08-09,2017,221,28.89
2017-08-10,2017,222,77.75
2017-08-11,2017,223,68.0
2017-08-12,2017,224,39.1
2017-08-13,2017,225,34.13
2017-08-14,2017,226,17.79
2017-08-15,2017,227,113.95
2017-08-16,2017,228,20.97
2017-08-17,2017,229,39.25
2017-08-18,2017,230,23.52
2017-08-19,2017,231,53.91
2017-08-20,2017,232,41.58
2017-08-21,2017,233,29.42
2017-08-22,2017,234,27.72
2017-08-23,2017,235,94.38
2017-08-24,2017,236,24.88
2017-08-25,2017,237,72.76
2017-08-26,2017,238,37.95
2017-08-27,2017,239,37.64
2017-08-28,2017,240,27.26
2017-08-29,2017,241,38.2
2017-08-30,2017,242,19.13
2017-08-31,2017,243,77.05
2017-09-01,2017,244,30.92
2017-09-02,2017,245,51.51
2017-09-03,2017,246,46.59
2017-09-04,2017,247,49.06
2017-09-05,2017,248,49.93
2017-09-06,2017,249,23.11
2017-09-07,2017,250,84.05
2017-09-08,2017,251,73.63
2017-09-09,2017,252,41.77
2017-09-10,2017,253,49.26
2017-09-11,2017,254,116.3
2017-09-12,2017,255,39.3
2017-09-13,2017,256,82.04
2017-09-14,2017,257,93.47
2017-09-15,2017,258,40.35
2017-09-16,2017,259,89.23
2017-09-17,2017,260,48.9
2017-09-18,2017,261,22.13
2017-09-19,2017,262,40.43
2017-09-20,2017,263,78.47
2017-09-21,2017,264,39.65
2017-09-22,2017,265,77.55
2017-09-23,2017,266,39.91
2017-09-24,2017,267,127.09
2017-09-25,2017,268,33.75
2017-09-26,2017,269,113.41
2017-09-27,2017,270,84.18
2017-09-28,2017,271,88.56
2017-09-29,2017,272,24.5
2017-09-30,2017,273,128.74
2017-10-01,2017,274,46.9
2017-10-02,2017,275,37.61
2017-10-03,2017,276,38.15
2017-10-04,2017,277,90.06
2017-10-05,2017,278,27.05
2017-10-06,2017,279,36.32
2017-10-07,2017,280,37.42
2017-10-08,2017,281,31.93
2017-10-09,2017,282,92.37
2017-10-10,2017,283,25.9
2017-10-11,2017,284,48.19
2017-10-12,2017,285,35.11
2017-10-13,2017,286,40.63
2017-10-14,2017,287,82.54
2017-10-15,2017,288,87.92
2017-10-16,2017,289,88.86
2017-10-17,2017,290,71.41
2017-10-18,2017,291,114.02
2017-10-19,2017,292,84.02
2017-10-20,2017,293,115.99
2017-10-21,2017,294,46.53
2017-10-22,2017,295,35.63
2017-10-23,2017,296,130.45
2017-10-24,2017,297,117.51
2017-10-25,2017,298,27.96
2017-10-26,2017,299,106.03
2017-10-27,2017,300,93.71
2017-10-28,2017,301,113.58
2017-10-29,2017,302,31.88
2017-10-30,2017,303,40.8
2017-10-31,2017,304,112.56
2017-11-01,2017,305,86.36
2017-11-02,2017,306,21.18
2017-11-03,2017,307,31.52
2017-11-04,2017,308,45.43
2017-11-05,2017,309,49.21
2017-11-06,2017,310,27.78
2017-11-07,2017,311,31.58
2017-11-08,2017,312,35.59
2017-11-09,2017,313,81.15
2017-11-10,2017,314,77.45
2017-11-11,2017,315,63.1
2017-11-12,2017,316,88.24
2017-11-13,2017,317,22.6
2017-11-14,2017,318,50.45
2017-11-15,2017,319,27.05
2017-11-16,2017,320,77.32
2017-11-17,2017,321,32.07
2017-11-18,2017,322,121.79
2017-11-19,2017,323,138.23
2017-11-20,2017,324,42.57
2017-11-21,2017,325,34.4
2017-11-22,2017,326,38.08
2017-11-23,2017,327,16.85
2017-11-24,2017,328,93.46
2017-11-25,2017,329,75.25
2017-11-26,2017,330,136.58
2017-11-27,2017,331,82.52
2017-11-28,2017,332,105.64
2017-11-29,2017,333,83.58
2017-11-30,2017,334,31.7
2017-12-01,2017,335,25.45
2017-12-02,2017,336,16.4
2017-12-03,2017,337,18.99
2017-12-04,2017,338,94.82
2017-12-05,2017,339,13.73
2017-12-06,2017,340,100.3
2017-12-07,2017,341,31.2
2017-12-08,2017,342,22.26
2017-12-09,2017,343,41.39
2017-12-10,2017,344,87.35
2017-12-11,2017,345,36.1
2017-12-12,2017,346,10.79
2017-12-13,2017,347,12.02
2017-12-14,2017,348,23.67
2017-12-15,2017,349,22.31
2017-12-16,2017,350,31.54
2017-12-17,2017,351,31.97
2017-12-18,2017,352,28.77
2017-12-19,2017,353,29.65
2017-12-20,2017,354,11.17
2017-12-21,2017,355,19.18
2017-12-22,2017,356,66.09
2017-12-23,2017,357,33.63
2017-12-24,2017,358,115.37
2017-12-25,2017,359,85.69
2017-12-26,2017,360,24.03
2017-12-27,2017,361,61.83
2017-12-28,2017,362,18.82
2017-12-29,2017,363,16.42
2017-12-30,2017,364,17.31
2017-12-31,2017,365,29.27
2018-01-01,2018,1,25.18
2018-01-02,2018,2,108.61
2018-01-03,2018,3,98.69
2018-01-04,2018,4,112.19
2018-01-05,2018,5,20.23
2018-01-06,2018,6,35.49
2018-01-07,2018,7,32.75
2018-01-08,2018,8,36.88
2018-01-09,2018,9,69.38
2018-01-10,2018,10,18.22
2018-01-11,2018,11,77.48
2018-01-12,2018,12,106.02
2018-01-13,2018,13,38.23
2018-01-14,2018,14,31.12
2018-01-15,2018,15,56.02
2018-01-16,2018,16,31.03
2018-01-17,2018,17,95.72
2018-01-18,2018,18,34.06
2018-01-19,2018,19,71.96
2018-01-20,2018,20,29.66
2018-01-21,2018,21,76.51
2018-01-22,2018,22,73.22
2018-01-23,2018,23,94.14
2018-01-24,2018,24,22.18
2018-01-25,2018,25,19.57
2018-01-26,2018,26,15.2
2018-01-27,2018,27,35.4
2018-01-28,2018,28,41.14
2018-01-29,2018,29,23.12
2018-01-30,2018,30,122.76
2018-01-31,2018,31,71.78
2018-02-01,2018,32,20.03
2018-02-02,2018,33,78.69
2018-02-03,2018,34,136.72
2018-02-04,2018,35,37.53
2018-02-05,2018,36,41.8
2018-02-06,2018,37,42.03
2018-02-07,2018,38,24.46
2018-02-08,2018,39,83.81
2018-02-09,2018,40,36.54
2018-02-10,2018,41,55.28
2018-02-11,2018,42,108.06
2018-02-12,2018,43,120.87
2018-02-13,2018,44,110.55
2018-02-14,2018,45,39.63
2018-02-15,2018,46,39.08
2018-02-16,2018,47,73.92
2018-02-17,2018,48,52.45
2018-02-18,2018,49,60.73
2018-02-19,2018,50,84.01
2018-02-20,2018,51,34.58
2018-02-21,2018,52,54.7
2018-02-22,2018,53,44.45
2018-02-23,2018,54,80.23
2018-02-24,2018,55,105.02
2018-02-25,2018,56,54.25
2018-02-26,2018,57,39.23
2018-02-27,2018,58,89.89
2018-02-28,2018,59,48.42
2018-03-01,2018,60,74.71
2018-03-02,2018,61,72.68
2018-03-03,2018,62,34.27
2018-03-04,2018,63,47.05
2018-03-05,2018,64,49.66
2018-03-06,2018,65,80.27
2018-03-07,2018,66,38.7
2018-03-08,2018,67,32.53
2018-03-09,2018,68,102.2
2018-03-10,2018,69,42.97
2018-03-11,2018,70,58.43
2018-03-12,2018,71,32.03
2018-03-13,2018,72,72.75
2018-03-14,2018,73,39.21
2018-03-15,2018,74,48.4
2018-03-16,2018,75,31.06
2018-03-17,2018,76,33.56
2018-03-18,2018,77,45.13
2018-03-19,2018,78,39.81
2018-03-20,2018,79,34.81
2018-03-21,2018,80,75.74
2018-03-22,2018,81,47.62
2018-03-23,2018,82,118.58
2018-03-24,2018,83,43.89
2018-03-25,2018,84,86.46
2018-03-26,2018,85,36.37
2018-03-27,2018,86,41.86
2018-03-28,2018,87,35.26
2018-03-29,2018,88,37.93
2018-03-30,2018,89,46.79
2018-03-31,2018,90,48.57
2018-04-01,2018,91,52.75
2018-04-02,2018,92,35.9
2018-04-03,2018,93,37.35
2018-04-04,2018,94,30.49
2018-04-05,2018,95,46.2
2018-04-06,2018,96,20.11
2018-04-07,2018,97,33.7
2018-04-08,2018,98,62.7
2018-04-09,2018,99,32.6
2018-04-10,2018,100,73.83
2018-04-11,2018,101,32.19
2018-04-12,2018,102,30.51
2018-04-13,2018,103,113.2
2018-04-14,2018,104,49.77
2018-04-15,2018,105,55.23
2018-04-16,2018,106,101.7
2018-04-17,2018,107,88.72
2018-04-18,2018,108,104.7
2018-04-19,2018,109,104.09
2018-04-20,2018,110,119.18
2018-04-21,2018,111,72.24
2018-04-22,2018,112,36.15
2018-04-23,2018,113,31.13
2018-04-24,2018,114,25.56
2018-04-25,2018,115,37.59
2018-04-26,2018,116,22.46
2018-04-27,2018,117,25.39
2018-04-28,2018,118,38.33
2018-04-29,2018,119,119.86
2018-04-30,2018,120,38.99
2018-05-01,2018,121,84.57
2018-05-02,2018,122,27.63
2018-05-03,2018,123,41.18
2018-05-04,2018,124,103.72
2018-05-05,2018,125,46.52
2018-05-06,2018,126,59.29
2018-05-07,2018,127,43.77
2018-05-08,2018,128,35.52
2018-05-09,2018,129,117.4
2018-05-10,2018,130,104.36
2018-05-11,2018,131,90.87
2018-05-12,2018,132,111.79
2018-05-13,2018,133,41.96
2018-05-14,2018,134,43.64
2018-05-15,2018,135,23.94
2018-05-16,2018,136,37.06
2018-05-17,2018,137,33.4
2018-05-18,2018,138,91.36
2018-05-19,2018,139,45.11
2018-05-20,2018,140,83.47
2018-05-21,2018,141,48.15
2018-05-22,2018,142,26.16
2018-05-23,2018,143,42.97
2018-05-24,2018,144,74.22
2018-05-25,2018,145,27.26
2018-05-26,2018,146,111.02
2018-05-27,2018,147,42.69
2018-05-28,2018,148,109.84
2018-05-29,2018,149,37.19
2018-05-30,2018,150,36.78
2018-05-31,2018,151,37.37
2018-06-01,2018,152,30.4
2018-06-02,2018,153,40.73
2018-06-03,2018,154,46.26
2018-06-04,2018,155,30.41
2018-06-05,2018,156,23.91
2018-06-06,2018,157,27.48
2018-06-07,2018,158,16.96
2018-06-08,2018,159,64.69
2018-06-09,2018,160,56.1
2018-06-10,2018,161,60.63
2018-06-11,2018,162,29.78
2018-06-12,2018,163,22.93
2018-06-13,2018,164,25.44
2018-06-14,2018,165,12.48
2018-06-15,2018,166,26.64
2018-06-16,2018,167,63.55
2018-06-17,2018,168,56.13
2018-06-18,2018,169,13.5
2018-06-19,2018,170,95.91
2018-06-20,2018,171,34.07
2018-06-21,2018,172,91.05
2018-06-22,2018,173,12.99
2018-06-23,2018,174,38.24
2018-06-24,2018,175,32.31
2018-06-25,2018,176,68.7
2018-06-26,2018,177,28.28
2018-06-27,2018,178,84.21
2018-06-28,2018,179,29.85
2018-06-29,2018,180,71.53
2018-06-30,2018,181,82.3
2018-07-01,2018,182,37.95
2018-07-02,2018,183,18.55
2018-07-03,2018,184,29.98
2018-07-04,2018,185,91.34
2018-07-05,2018,186,16.51
2018-07-06,2018,187,64.48
2018-07-07,2018,188,34.1
2018-07-08,2018,189,118.61
2018-07-09,2018,190,29.72
2018-07-10,2018,191,17.39
2018-07-11,2018,192,104.1
2018-07-12,2018,193,17.93
2018-07-13,2018,194,97.04
2018-07-14,2018,195,119.54
2018-07-15,2018,196,33.1
2018-07-16,2018,197,24.26
2018-07-17,2018,198,19.47
2018-07-18,2018,199,21.53
2018-07-19,2018,200,24.46
2018-07-20,2018,201,32.31
2018-07-21,2018,202,42.8
2018-07-22,2018,203,115.59
2018-07-23,2018,204,32.34
2018-07-24,2018,205,102.11
2018-07-25,2018,206,20.43
2018-07-26,2018,207,11.73
2018-07-27,2018,208,26.75
2018-07-28,2018,209,46.15
2018-07-29,2018,210,27.97
2018-07-30,2018,211,10.05
2018-07-31,2018,212,16.91
2018-08-01,2018,213,27.2
2018-08-02,2018,214,13.86
2018-08-03,2018,215,32.17
2018-08-04,2018,216,29.79
2018-08-05,2018,217,38.27
2018-08-06,2018,218,28.37
2018-08-07,2018,219,19.0
2018-08-08,2018,220,108.58
2018-08-09,2018,221,26.74
2018-08-10,2018,222,27.26
2018-08-11,2018,223,104.12
2018-08-12,2018,224,77.09
2018-08-13,2018,225,36.29
2018-08-14,2018,226,29.51
2018-08-15,2018,227,29.91
2018-08-16,2018,228,51.78
2018-08-17,2018,229,21.22
2018-08-18,2018,230,43.62
2018-08-19,2018,231,113.18
2018-08-20,2018,232,16.72
2018-08-21,2018,233,93.59
2018-08-22,2018,234,107.1
2018-08-23,2018,235,43.21
2018-08-24,2018,236,20.93
2018-08-25,2018,237,49.43
2018-08-26,2018,238,39.16
2018-08-27,2018,239,71.8
2018-08-28,2018,240,35.91
2018-08-29,2018,241,32.63
2018-08-30,2018,242,114.19
2018-08-31,2018,243,35.2
2018-09-01,2018,244,48.27
2018-09-02,2018,245,94.19
2018-09-03,2018,246,114.06
2018-09-04,2018,247,82.28
2018-09-05,2018,248,39.48
2018-09-06,2018,249,30.76
2018-09-07,2018,250,31.46
2018-09-08,2018,251,32.57
2018-09-09,2018,252,103.23
2018-09-10,2018,253,33.2
2018-09-11,2018,254,34.42
2018-09-12,2018,255,7.18
2018-09-13,2018,256,25.91
2018-09-14,2018,257,46.17
2018-09-15,2018,258,44.56
2018-09-16,2018,259,60.27
2018-09-17,2018,260,71.77
2018-09-18,2018,261,39.97
2018-09-19,2018,262,47.47
2018-09-20,2018,263,108.27
2018-09-21,2018,264,44.61
2018-09-22,2018,265,88.86
2018-09-23,2018,266,39.85
2018-09-24,2018,267,43.33
2018-09-25,2018,268,39.95
2018-09-26,2018,269,44.18
2018-09-27,2018,270,115.36
2018-09-28,2018,271,80.5
2018-09-29,2018,272,41.89
2018-09-30,2018,273,46.68
2018-10-01,2018,274,46.22
2018-10-02,2018,275,80.87
2018-10-03,2018,276,25.29
2018-10-04,2018,277,90.3
2018-10-05,2018,278,28.47
2018-10-06,2018,279,87.3
2018-10-07,2018,280,50.72
2018-10-08,2018,281,43.29
2018-10-09,2018,282,100.02
2018-10-10,2018,283,32.36
2018-10-11,2018,284,37.16
2018-10-12,2018,285,48.26
2018-10-13,2018,286,115.85
2018-10-14,2018,287,90.49
2018-10-15,2018,288,48.46
2018-10-16,2018,289,39.7
2018-10-17,2018,290,39.67
2018-10-18,2018,291,83.27
2018-10-19,2018,292,31.95
2018-10-20,2018,293,46.14
2018-10-21,2018,294,122.7
2018-10-22,2018,295,44.19
2018-10-23,2018,296,23.49
2018-10-24,2018,297,76.75
2018-10-25,2018,298,34.12
2018-10-26,2018,299,84.43
2018-10-27,2018,300,72.87
2018-10-28,2018,301,55.96
2018-10-29,2018,302,41.4
2018-10-30,2018,303,85.66
2018-10-31,2018,304,26.44
2018-11-01,2018,305,34.72
2018-11-02,2018,306,54.93
2018-11-03,2018,307,57.29
2018-11-04,2018,308,61.79
2018-11-05,2018,309,27.87
2018-11-06,2018,310,44.05
2018-11-07,2018,311,22.22
2018-11-08,2018,312,85.69
2018-11-09,2018,313,31.86
2018-11-10,2018,314,55.07
2018-11-11,2018,315,33.04
2018-11-12,2018,316,26.0
2018-11-13,2018,317,25.53
2018-11-14,2018,318,32.71
2018-11-15,2018,319,114.43
2018-11-16,2018,320,65.31
2018-11-17,2018,321,46.55
2018-11-18,2018,322,123.32
2018-11-19,2018,323,76.35
2018-11-20,2018,324,27.07
2018-11-21,2018,325,105.22
2018-11-22,2018,326,112.65
2018-11-23,2018,327,37.67
2018-11-24,2018,328,95.16
2018-11-25,2018,329,49.55
2018-11-26,2018,330,74.07
2018-11-27,2018,331,76.65
2018-11-28,2018,332,39.68
2018-11-29,2018,333,31.99
2018-11-30,2018,334,24.59
2018-12-01,2018,335,106.19
2018-12-02,2018,336,17.12
2018-12-03,2018,337,59.0
2018-12-04,2018,338,102.65
2018-12-05,2018,339,83.46
2018-12-06,2018,340,13.88
2018-12-07,2018,341,43.34
2018-12-08,2018,342,16.31
2018-12-09,2018,343,104.16
2018-12-10,2018,344,32.28
2018-12-11,2018,345,13.49
2018-12-12,2018,346,49.59
2018-12-13,2018,347,92.78
2018-12-14,2018,348,24.14
2018-12-15,2018,349,32.1
2018-12-16,2018,350,39.97
2018-12-17,2018,351,19.93
2018-12-18,2018,352,46.9
2018-12-19,2018,353,89.26
2018-12-20,2018,354,31.91
2018-12-21,2018,355,15.35
2018-12-22,2018,356,80.98
2018-12-23,2018,357,32.64
2018-12-24,2018,358,83.37
2018-12-25,2018,359,42.12
2018-12-26,2018,360,31.97
2018-12-27,2018,361,29.62
2018-12-28,2018,362,16.03
2018-12-29,2018,363,79.59
2018-12-30,2018,364,45.09
2018-12-31,2018,365,19.91
2019-01-01,2019,1,17.42
2019-01-02,2019,2,32.81
2019-01-03,2019,3,82.13
2019-01-04,2019,4,23.38
2019-01-05,2019,5,77.16
2019-01-06,2019,6,120.06
2019-01-07,2019,7,27.82
2019-01-08,2019,8,21.91
2019-01-09,2019,9,102.56
2019-01-10,2019,10,114.02
2019-01-11,2019,11,97.7
2019-01-12,2019,12,44.4
2019-01-13,2019,13,71.53
2019-01-14,2019,14,20.19
2019-01-15,2019,15,66.78
2019-01-16,2019,16,28.77
2019-01-17,2019,17,30.11
2019-01-18,2019,18,69.03
2019-01-19,2019,19,44.6
2019-01-20,2019,20,42.02
2019-01-21,2019,21,24.9
2019-01-22,2019,22,39.47
2019-01-23,2019,23,106.52
2019-01-24,2019,24,78.51
2019-01-25,2019,25,109.64
2019-01-26,2019,26,60.21
2019-01-27,2019,27,35.63
2019-01-28,2019,28,69.12
2019-01-29,2019,29,27.01
2019-01-30,2019,30,23.38
2019-01-31,2019,31,100.82
2019-02-01,2019,32,24.3
2019-02-02,2019,33,57.7
2019-02-03,2019,34,45.87
2019-02-04,2019,35,40.75
2019-02-05,2019,36,80.97
2019-02-06,2019,37,77.83
2019-02-07,2019,38,31.03
2019-02-08,2019,39,35.57
2019-02-09,2019,40,28.87
2019-02-10,2019,41,50.91
2019-02-11,2019,42,41.74
2019-02-12,2019,43,72.25
2019-02-13,2019,44,44.84
2019-02-14,2019,45,25.06
2019-02-15,2019,46,35.33
2019-02-16,2019,47,39.43
2019-02-17,2019,48,86.89
2019-02-18,2019,49,90.87
2019-02-19,2019,50,36.35
2019-02-20,2019,51,123.76
2019-02-21,2019,52,83.46
2019-02-22,2019,53,36.69
2019-02-23,2019,54,119.28
2019-02-24,2019,55,116.09
2019-02-25,2019,56,43.0
2019-02-26,2019,57,30.19
2019-02-27,2019,58,39.89
2019-02-28,2019,59,17.03
2019-03-01,2019,60,46.03
2019-03-02,2019,61,52.22
2019-03-03,2019,62,46.96
2019-03-04,2019,63,21.73
2019-03-05,2019,64,117.06
2019-03-06,2019,65,29.13
2019-03-07,2019,66,92.12
2019-03-08,2019,67,31.72
2019-03-09,2019,68,87.33
2019-03-10,2019,69,49.99
2019-03-11,2019,70,25.46
2019-03-12,2019,71,37.74
2019-03-13,2019,72,84.59
2019-03-14,2019,73,74.72
2019-03-15,2019,74,88.7
2019-03-16,2019,75,58.72
2019-03-17,2019,76,61.64
2019-03-18,2019,77,31.23
2019-03-19,2019,78,115.34
2019-03-20,2019,79,80.57
2019-03-21,2019,80,29.35
2019-03-22,2019,81,35.56
2019-03-23,2019,82,121.68
2019-03-24,2019,83,34.45
2019-03-25,2019,84,110.86
2019-03-26,2019,85,72.89
2019-03-27,2019,86,43.18
2019-03-28,2019,87,51.17
2019-03-29,2019,88,44.42
2019-03-30,2019,89,58.56
2019-03-31,2019,90,116.97
2019-04-01,2019,91,33.6
2019-04-02,2019,92,46.96
2019-04-03,2019,93,14.61
2019-04-04,2019,94,37.66
2019-04-05,2019,95,85.41
2019-04-06,2019,96,51.69
2019-04-07,2019,97,66.84
2019-04-08,2019,98,45.29
2019-04-09,2019,99,45.98
2019-04-10,2019,100,42.69
2019-04-11,2019,101,94.15
2019-04-12,2019,102,35.72
2019-04-13,2019,103,96.97
2019-04-14,2019,104,90.2
2019-04-15,2019,105,29.14
2019-04-16,2019,106,80.55
2019-04-17,2019,107,40.07
2019-04-18,2019,108,33.77
2019-04-19,2019,109,112.1
2019-04-20,2019,110,120.71
2019-04-21,2019,111,51.77
2019-04-22,2019,112,35.66
2019-04-23,2019,113,77.35
2019-04-24,2019,114,31.84
2019-04-25,2019,115,41.13
2019-04-26,2019,116,57.49
2019-04-27,2019,117,66.3
2019-04-28,2019,118,41.64
2019-04-29,2019,119,120.75
2019-04-30,2019,120,35.33
2019-05-01,2019,121,47.52
2019-05-02,2019,122,24.76
2019-05-03,2019,123,114.43
2019-05-04,2019,124,52.54
2019-05-05,2019,125,49.01
2019-05-06,2019,126,96.63
2019-05-07,2019,127,32.21
2019-05-08,2019,128,43.02
2019-05-09,2019,129,88.84
2019-05-10,2019,130,80.65
2019-05-11,2019,131,98.92
2019-05-12,2019,132,35.29
2019-05-13,2019,133,40.3
2019-05-14,2019,134,117.85
2019-05-15,2019,135,105.86
2019-05-16,2019,136,47.19
2019-05-17,2019,137,38.96
2019-05-18,2019,138,53.11
2019-05-19,2019,139,51.62
2019-05-20,2019,140,34.04
2019-05-21,2019,141,41.34
2019-05-22,2019,142,38.88
2019-05-23,2019,143,39.46
2019-05-24,2019,144,96.95
2019-05-25,2019,145,51.91
2019-05-26,2019,146,47.72
2019-05-27,2019,147,44.84
2019-05-28,2019,148,42.1
2019-05-29,2019,149,75.85
2019-05-30,2019,150,116.34
2019-05-31,2019,151,35.8
2019-06-01,2019,152,116.8
2019-06-02,2019,153,39.33
2019-06-03,2019,154,30.13
2019-06-04,2019,155,22.11
2019-06-05,2019,156,58.88
2019-06-06,2019,157,14.56
2019-06-07,2019,158,71.23
2019-06-08,2019,159,29.66
2019-06-09,2019,160,44.28
2019-06-10,2019,161,19.31
2019-06-11,2019,162,23.81
2019-06-12,2019,163,35.88
2019-06-13,2019,164,11.79
2019-06-14,2019,165,95.77
2019-06-15,2019,166,24.01
2019-06-16,2019,167,106.8
2019-06-17,2019,168,25.67
2019-06-18,2019,169,3.9
2019-06-19,2019,170,62.28
2019-06-20,2019,171,28.22
2019-06-21,2019,172,71.84
2019-06-22,2019,173,77.83
2019-06-23,2019,174,107.28
2019-06-24,2019,175,34.97
2019-06-25,2019,176,34.06
2019-06-26,2019,177,14.71
2019-06-27,2019,178,18.97
2019-06-28,2019,179,16.54
2019-06-29,2019,180,92.93
2019-06-30,2019,181,52.31
2019-07-01,2019,182,64.76
2019-07-02,2019,183,20.65
2019-07-03,2019,184,66.59
2019-07-04,2019,185,20.15
2019-07-05,2019,186,98.05
2019-07-06,2019,187,36.39
2019-07-07,2019,188,38.18
2019-07-08,2019,189,22.31
2019-07-09,2019,190,21.75
2019-07-10,2019,191,21.81
2019-07-11,2019,192,55.14
2019-07-12,2019,193,28.94
2019-07-13,2019,194,37.19
2019-07-14,2019,195,36.91
2019-07-15,2019,196,103.67
2019-07-16,2019,197,64.81
2019-07-17,2019,198,23.29
2019-07-18,2019,199,59.5
2019-07-19,2019,200,23.28
2019-07-20,2019,201,34.57
2019-07-21,2019,202,48.6
2019-07-22,2019,203,101.51
2019-07-23,2019,204,99.88
2019-07-24,2019,205,23.23
2019-07-25,2019,206,26.14
2019-07-26,2019,207,33.05
2019-07-27,2019,208,74.54
2019-07-28,2019,209,41.4
2019-07-29,2019,210,22.65
2019-07-30,2019,211,25.96
2019-07-31,2019,212,25.52
2019-08-01,2019,213,98.24
2019-08-02,2019,214,98.04
2019-08-03,2019,215,37.27
2019-08-04,2019,216,103.21
2019-08-05,2019,217,35.45
2019-08-06,2019,218,96.27
2019-08-07,2019,219,114.65
2019-08-08,2019,220,32.63
2019-08-09,2019,221,28.77
2019-08-10,2019,222,38.13
2019-08-11,2019,223,32.12
2019-08-12,2019,224,40.08
2019-08-13,2019,225,33.97
2019-08-14,2019,226,13.63
2019-08-15,2019,227,29.4
2019-08-16,2019,228,101.6
2019-08-17,2019,229,34.81
2019-08-18,2019,230,40.88
2019-08-19,2019,231,102.13
2019-08-20,2019,232,19.68
2019-08-21,2019,233,15.49
2019-08-22,2019,234,98.58
2019-08-23,2019,235,13.94
2019-08-24,2019,236,40.24
2019-08-25,2019,237,112.96
2019-08-26,2019,238,37.5
2019-08-27,2019,239,24.12
2019-08-28,2019,240,34.59
2019-08-29,2019,241,28.71
2019-08-30,2019,242,23.62
2019-08-31,2019,243,79.42
2019-09-01,2019,244,50.81
2019-09-02,2019,245,22.62
2019-09-03,2019,246,33.51
2019-09-04,2019,247,73.83
2019-09-05,2019,248,79.65
2019-09-06,2019,249,72.84
2019-09-07,2019,250,56.29
2019-09-08,2019,251,39.49
2019-09-09,2019,252,29.87
2019-09-10,2019,253,33.84
2019-09-11,2019,254,19.59
2019-09-12,2019,255,39.03
2019-09-13,2019,256,22.01
2019-09-14,2019,257,51.92
2019-09-15,2019,258,42.9
2019-09-16,2019,259,114.63
2019-09-17,2019,260,118.71
2019-09-18,2019,261,39.76
2019-09-19,2019,262,48.78
2019-09-20,2019,263,41.11
2019-09-21,2019,264,63.78
2019-09-22,2019,265,48.16
2019-09-23,2019,266,48.02
2019-09-24,2019,267,86.47
2019-09-25,2019,268,37.72
2019-09-26,2019,269,71.03
2019-09-27,2019,270,28.74
2019-09-28,2019,271,41.92
2019-09-29,2019,272,45.44
2019-09-30,2019,273,50.02
2019-10-01,2019,274,35.25
2019-10-02,2019,275,115.22
2019-10-03,2019,276,36.91
2019-10-04,2019,277,18.43
2019-10-05,2019,278,54.24
2019-10-06,2019,279,37.41
2019-10-07,2019,280,103.99
2019-10-08,2019,281,78.85
2019-10-09,2019,282,89.01
2019-10-10,2019,283,74.54
2019-10-11,2019,284,45.39
2019-10-12,2019,285,44.46
2019-10-13,2019,286,119.26
2019-10-14,2019,287,95.05
2019-10-15,2019,288,28.15
2019-10-16,2019,289,32.29
2019-10-17,2019,290,81.28
2019-10-18,2019,291,44.61
2019-10-19,2019,292,49.33
2019-10-20,2019,293,52.28
2019-10-21,2019,294,40.34
2019-10-22,2019,295,35.54
2019-10-23,2019,296,29.95
2019-10-24,2019,297,34.57
2019-10-25,2019,298,34.97
2019-10-26,2019,299,88.14
2019-10-27,2019,300,130.05
2019-10-28,2019,301,22.23
2019-10-29,2019,302,110.55
2019-10-30,2019,303,36.72
2019-10-31,2019,304,32.51
2019-11-01,2019,305,38.52
2019-11-02,2019,306,91.16
2019-11-03,2019,307,116.84
2019-11-04,2019,308,123.44
2019-11-05,2019,309,30.7
2019-11-06,2019,310,35.48
2019-11-07,2019,311,38.7
2019-11-08,2019,312,90.81
2019-11-09,2019,313,53.78
2019-11-10,2019,314,50.95
2019-11-11,2019,315,34.82
2019-11-12,2019,316,112.53
2019-11-13,2019,317,81.09
2019-11-14,2019,318,85.4
2019-11-15,2019,319,42.79
2019-11-16,2019,320,90.56
2019-11-17,2019,321,120.1
2019-11-18,2019,322,24.4
2019-11-19,2019,323,28.64
2019-11-20,2019,324,102.4
2019-11-21,2019,325,34.79
2019-11-22,2019,326,104.81
2019-11-23,2019,327,50.99
2019-11-24,2019,328,53.76
2019-11-25,2019,329,40.46
2019-11-26,2019,330,31.47
2019-11-27,2019,331,109.84
2019-11-28,2019,332,46.18
2019-11-29,2019,333,48.97
2019-11-30,2019,334,107.83
2019-12-01,2019,335,29.31
2019-12-02,2019,336,23.82
2019-12-03,2019,337,104.43
2019-12-04,2019,338,101.38
2019-12-05,2019,339,11.23
2019-12-06,2019,340,20.45
2019-12-07,2019,341,82.66
2019-12-08,2019,342,26.17
2019-12-09,2019,343,30.51
2019-12-10,2019,344,26.04
2019-12-11,2019,345,7.23
2019-12-12,2019,346,105.45
2019-12-13,2019,347,22.47
2019-12-14,2019,348,82.41
2019-12-15,2019,349,44.58
2019-12-16,2019,350,29.47
2019-12-17,2019,351,22.53
2019-12-18,2019,352,17.73
2019-12-19,2019,353,12.77
2019-12-20,2019,354,39.24
2019-12-21,2019,355,46.2
2019-12-22,2019,356,104.99
2019-12-23,2019,357,20.88
2019-12-24,2019,358,27.11
2019-12-25,2019,359,18.62
2019-12-26,2019,360,24.47
2019-12-27,2019,361,16.62
2019-12-28,2019,362,33.71
2019-12-29,2019,363,39.23
2019-12-30,2019,364,16.27
2019-12-31,2019,365,68.52
2020-01-01,2020,1,38.25
2020-01-02,2020,2,26.15
2020-01-03,2020,3,29.35
2020-01-04,2020,4,27.77
2020-01-05,2020,5,42.37
2020-01-06,2020,6,22.99
2020-01-07,2020,7,35.07
2020-01-08,2020,8,58.16
2020-01-09,2020,9,30.84
2020-01-10,2020,10,28.14
2020-01-11,2020,11,47.3
2020-01-12,2020,12,37.0
2020-01-13,2020,13,70.88
2020-01-14,2020,14,13.51
2020-01-15,2020,15,69.75
2020-01-16,2020,16,34.91
2020-01-17,2020,17,51.89
2020-01-18,2020,18,132.3
2020-01-19,2020,19,32.41
2020-01-20,2020,20,32.64
2020-01-21,2020,21,33.05
2020-01-22,2020,22,19.87
2020-01-23,2020,23,11.33
2020-01-24,2020,24,112.26
2020-01-25,2020,25,96.22
2020-01-26,2020,26,92.78
2020-01-27,2020,27,103.43
2020-01-28,2020,28,69.07
2020-01-29,2020,29,23.29
2020-01-30,2020,30,30.46
2020-01-31,2020,31,17.11
2020-02-01,2020,32,91.98
2020-02-02,2020,33,69.44
2020-02-03,2020,34,37.2
2020-02-04,2020,35,37.53
2020-02-05,2020,36,103.59
2020-02-06,2020,37,24.93
2020-02-07,2020,38,32.48
2020-02-08,2020,39,109.51
2020-02-09,2020,40,38.41
2020-02-10,2020,41,30.33
2020-02-11,2020,42,42.8
2020-02-12,2020,43,45.65
2020-02-13,2020,44,85.55
2020-02-14,2020,45,106.65
2020-02-15,2020,46,47.55
2020-02-16,2020,47,118.64
2020-02-17,2020,48,45.08
2020-02-18,2020,49,85.07
2020-02-19,2020,50,83.67
2020-02-20,2020,51,103.26
2020-02-21,2020,52,26.45
2020-02-22,2020,53,38.05
2020-02-23,2020,54,87.1
2020-02-24,2020,55,20.73
2020-02-25,2020,56,37.01
2020-02-26,2020,57,37.35
2020-02-27,2020,58,107.22
2020-02-28,2020,59,25.72
2020-02-29,2020,60,88.63
2020-03-01,2020,61,43.5
2020-03-02,2020,62,107.45
2020-03-03,2020,63,22.5
2020-03-04,2020,64,117.34
2020-03-05,2020,65,29.97
2020-03-06,2020,66,91.29
2020-03-07,2020,67,111.14
2020-03-08,2020,68,34.81
2020-03-09,2020,69,24.18
2020-03-10,2020,70,18.66
2020-03-11,2020,71,101.76
2020-03-12,2020,72,48.85
2020-03-13,2020,73,22.27
2020-03-14,2020,74,42.29
2020-03-15,2020,75,46.09
2020-03-16,2020,76,30.79
2020-03-17,2020,77,114.36
2020-03-18,2020,78,112.43
2020-03-19,2020,79,113.76
2020-03-20,2020,80,31.9
2020-03-21,2020,81,37.46
2020-03-22,2020,82,90.61
2020-03-23,2020,83,27.74
2020-03-24,2020,84,34.25
2020-03-25,2020,85,37.59
2020-03-26,2020,86,36.77
2020-03-27,2020,87,115.83
2020-03-28,2020,88,124.04
2020-03-29,2020,89,70.06
2020-03-30,2020,90,76.49
2020-03-31,2020,91,38.48
2020-04-01,2020,92,125.57
2020-04-02,2020,93,25.63
2020-04-03,2020,94,39.23
2020-04-04,2020,95,132.53
2020-04-05,2020,96,60.68
2020-04-06,2020,97,50.23
2020-04-07,2020,98,43.34
2020-04-08,2020,99,35.54
2020-04-09,2020,100,112.52
2020-04-10,2020,101,39.83
2020-04-11,2020,102,53.91
2020-04-12,2020,103,42.88
2020-04-13,2020,104,33.02
2020-04-14,2020,105,30.7
2020-04-15,2020,106,110.32
2020-04-16,2020,107,42.22
2020-04-17,2020,108,79.79
2020-04-18,2020,109,44.96
2020-04-19,2020,110,51.63
2020-04-20,2020,111,40.29
2020-04-21,2020,112,96.91
2020-04-22,2020,113,48.43
2020-04-23,2020,114,34.39
2020-04-24,2020,115,45.75
2020-04-25,2020,116,92.4
2020-04-26,2020,117,112.67
2020-04-27,2020,118,108.68
2020-04-28,2020,119,40.0
2020-04-29,2020,120,39.86
2020-04-30,2020,121,75.8
2020-05-01,2020,122,25.16
2020-05-02,2020,123,66.63
2020-05-03,2020,124,42.0
2020-05-04,2020,125,46.44
2020-05-05,2020,126,112.07
2020-05-06,2020,127,113.71
2020-05-07,2020,128,36.48
2020-05-08,2020,129,103.39
2020-05-09,2020,130,83.55
2020-05-10,2020,131,115.55
2020-05-11,2020,132,33.1
2020-05-12,2020,133,34.23
2020-05-13,2020,134,37.83
2020-05-14,2020,135,48.71
2020-05-15,2020,136,25.6
2020-05-16,2020,137,45.14
2020-05-17,2020,138,56.03
2020-05-18,2020,139,83.68
2020-05-19,2020,140,36.75
2020-05-20,2020,141,34.34
2020-05-21,2020,142,111.05
2020-05-22,2020,143,43.02
2020-05-23,2020,144,39.06
2020-05-24,2020,145,57.55
2020-05-25,2020,146,33.8
2020-05-26,2020,147,49.05
2020-05-27,2020,148,36.52
2020-05-28,2020,149,122.67
2020-05-29,2020,150,79.43
2020-05-30,2020,151,66.91
2020-05-31,2020,152,35.09
2020-06-01,2020,153,108.57
2020-06-02,2020,154,25.0
2020-06-03,2020,155,30.38
2020-06-04,2020,156,92.49
2020-06-05,2020,157,96.01
2020-06-06,2020,158,39.63
2020-06-07,2020,159,75.2
2020-06-08,2020,160,12.84
2020-06-09,2020,161,66.24
2020-06-10,2020,162,32.59
2020-06-11,2020,163,75.74
2020-06-12,2020,164,27.74
2020-06-13,2020,165,25.58
2020-06-14,2020,166,51.13
2020-06-15,2020,167,15.33
2020-06-16,2020,168,19.44
2020-06-17,2020,169,32.18
2020-06-18,2020,170,30.47
2020-06-19,2020,171,9.45
2020-06-20,2020,172,75.27
2020-06-21,2020,173,110.47
2020-06-22,2020,174,70.61
2020-06-23,2020,175,15.58
2020-06-24,2020,176,26.29
2020-06-25,2020,177,64.74
2020-06-26,2020,178,10.92
2020-06-27,2020,179,79.8
2020-06-28,2020,180,120.09
2020-06-29,2020,181,106.0
2020-06-30,2020,182,31.06
2020-07-01,2020,183,18.72
2020-07-02,2020,184,61.18
2020-07-03,2020,185,68.64
2020-07-04,2020,186,18.31
2020-07-05,2020,187,133.19
2020-07-06,2020,188,37.06
2020-07-07,2020,189,103.63
2020-07-08,2020,190,65.01
2020-07-09,2020,191,20.38
2020-07-10,2020,192,104.38
2020-07-11,2020,193,28.77
2020-07-12,2020,194,37.42
2020-07-13,2020,195,25.55
2020-07-14,2020,196,17.0
2020-07-15,2020,197,57.2
2020-07-16,2020,198,107.4
2020-07-17,2020,199,23.49
2020-07-18,2020,200,19.8
2020-07-19,2020,201,106.82
2020-07-20,2020,202,91.53
2020-07-21,2020,203,16.2
2020-07-22,2020,204,28.45
2020-07-23,2020,205,16.08
2020-07-24,2020,206,71.18
2020-07-25,2020,207,34.78
2020-07-26,2020,208,39.57
2020-07-27,2020,209,10.19
2020-07-28,2020,210,106.35
2020-07-29,2020,211,23.89
2020-07-30,2020,212,6.5
2020-07-31,2020,213,15.36
2020-08-01,2020,214,50.01
2020-08-02,2020,215,40.68
2020-08-03,2020,216,21.6
2020-08-04,2020,217,48.14
2020-08-05,2020,218,88.53
2020-08-06,2020,219,42.73
2020-08-07,2020,220,21.54
2020-08-08,2020,221,30.58
2020-08-09,2020,222,18.24
2020-08-10,2020,223,34.04
2020-08-11,2020,224,38.09
2020-08-12,2020,225,72.67
2020-08-13,2020,226,19.59
2020-08-14,2020,227,34.48
2020-08-15,2020,228,80.79
2020-08-16,2020,229,48.56
2020-08-17,2020,230,29.61
2020-08-18,2020,231,77.54
2020-08-19,2020,232,34.46
2020-08-20,2020,233,97.87
2020-08-21,2020,234,28.81
2020-08-22,2020,235,43.16
2020-08-23,2020,236,57.18
2020-08-24,2020,237,32.67
2020-08-25,2020,238,94.95
2020-08-26,2020,239,24.17
2020-08-27,2020,240,23.81
2020-08-28,2020,241,42.38
2020-08-29,2020,242,41.23
2020-08-30,2020,243,115.11
2020-08-31,2020,244,74.19
2020-09-01,2020,245,73.32
2020-09-02,2020,246,75.28
2020-09-03,2020,247,24.0
2020-09-04,2020,248,42.09
2020-09-05,2020,249,60.12
2020-09-06,2020,250,54.67
2020-09-07,2020,251,46.13
2020-09-08,2020,252,33.2
2020-09-09,2020,253,117.4
2020-09-10,2020,254,104.01
2020-09-11,2020,255,25.29
2020-09-12,2020,256,31.39
2020-09-13,2020,257,50.85
2020-09-14,2020,258,32.59
2020-09-15,2020,259,40.22
2020-09-16,2020,260,94.37
2020-09-17,2020,261,39.74
2020-09-18,2020,262,35.11
2020-09-19,2020,263,53.99
2020-09-20,2020,264,104.65
2020-09-21,2020,265,44.57
2020-09-22,2020,266,44.75
2020-09-23,2020,267,47.58
2020-09-24,2020,268,110.4
2020-09-25,2020,269,79.85
2020-09-26,2020,270,55.54
2020-09-27,2020,271,50.64
2020-09-28,2020,272,112.04
2020-09-29,2020,273,32.62
2020-09-30,2020,274,49.68
2020-10-01,2020,275,39.37
2020-10-02,2020,276,112.96
2020-10-03,2020,277,53.17
2020-10-04,2020,278,52.31
2020-10-05,2020,279,28.39
2020-10-06,2020,280,25.0
2020-10-07,2020,281,114.33
2020-10-08,2020,282,117.91
2020-10-09,2020,283,32.84
2020-10-10,2020,284,62.01
2020-10-11,2020,285,46.52
2020-10-12,2020,286,45.16
2020-10-13,2020,287,118.05
2020-10-14,2020,288,34.66
2020-10-15,2020,289,46.63
2020-10-16,2020,290,97.08
2020-10-17,2020,291,97.87
2020-10-18,2020,292,44.09
2020-10-19,2020,293,26.42
2020-10-20,2020,294,30.55
2020-10-21,2020,295,34.13
2020-10-22,2020,296,23.08
2020-10-23,2020,297,29.83
2020-10-24,2020,298,40.55
2020-10-25,2020,299,60.84
2020-10-26,2020,300,113.77
2020-10-27,2020,301,44.16
2020-10-28,2020,302,29.25
2020-10-29,2020,303,34.97
2020-10-30,2020,304,46.93
2020-10-31,2020,305,44.82
2020-11-01,2020,306,43.95
2020-11-02,2020,307,39.83
2020-11-03,2020,308,28.02
2020-11-04,2020,309,87.52
2020-11-05,2020,310,29.51
2020-11-06,2020,311,41.79
2020-11-07,2020,312,40.55
2020-11-08,2020,313,43.09
2020-11-09,2020,314,116.3
2020-11-10,2020,315,92.45
2020-11-11,2020,316,38.67
2020-11-12,2020,317,33.17
2020-11-13,2020,318,30.71
2020-11-14,2020,319,44.08
2020-11-15,2020,320,83.55
2020-11-16,2020,321,121.66
2020-11-17,2020,322,34.36
2020-11-18,2020,323,90.44
2020-11-19,2020,324,83.44
2020-11-20,2020,325,39.25
2020-11-21,2020,326,94.81
2020-11-22,2020,327,48.04
2020-11-23,2020,328,33.57
2020-11-24,2020,329,45.18
2020-11-25,2020,330,38.45
2020-11-26,2020,331,20.8
2020-11-27,2020,332,114.04
2020-11-28,2020,333,57.58
2020-11-29,2020,334,53.08
2020-11-30,2020,335,25.25
2020-12-01,2020,336,16.42
2020-12-02,2020,337,19.22
2020-12-03,2020,338,30.74
2020-12-04,2020,339,29.45
2020-12-05,2020,340,80.1
2020-12-06,2020,341,31.35
2020-12-07,2020,342,13.65
2020-12-08,2020,343,63.94
2020-12-09,2020,344,14.41
2020-12-10,2020,345,66.24
2020-12-11,2020,346,22.35
2020-12-12,2020,347,34.57
2020-12-13,2020,348,28.81
2020-12-14,2020,349,26.17
2020-12-15,2020,350,16.51
2020-12-16,2020,351,92.5
2020-12-17,2020,352,56.88
2020-12-18,2020,353,7.47
2020-12-19,2020,354,47.01
2020-12-20,2020,355,99.68
2020-12-21,2020,356,31.08
2020-12-22,2020,357,6.1
2020-12-23,2020,358,20.65
2020-12-24,2020,359,18.8
2020-12-25,2020,360,73.03
2020-12-26,2020,361,18.33
2020-12-27,2020,362,36.78
2020-12-28,2020,363,63.94
2020-12-29,2020,364,17.44
2020-12-30,2020,365,27.07
2020-12-31,2020,366,16.33
2021-01-01,2021,1,30.52
2021-01-02,2021,2,35.96
2021-01-03,2021,3,37.78
2021-01-04,2021,4,75.05
2021-01-05,2021,5,43.83
2021-01-06,2021,6,79.45
2021-01-07,2021,7,29.73
2021-01-08,2021,8,18.81
2021-01-09,2021,9,44.13
2021-01-10,2021,10,24.92
2021-01-11,2021,11,96.25
2021-01-12,2021,12,26.13
2021-01-13,2021,13,36.75
2021-01-14,2021,14,23.68
2021-01-15,2021,15,79.59
2021-01-16,2021,16,39.35
2021-01-17,2021,17,108.64
2021-01-18,2021,18,59.94
2021-01-19,2021,19,108.61
2021-01-20,2021,20,25.81
2021-01-21,2021,21,14.94
2021-01-22,2021,22,26.81
2021-01-23,2021,23,44.06
2021-01-24,2021,24,76.15
2021-01-25,2021,25,36.13
2021-01-26,2021,26,33.44
2021-01-27,2021,27,29.78
2021-01-28,2021,28,17.73
2021-01-29,2021,29,80.63
2021-01-30,2021,30,75.25
2021-01-31,2021,31,87.59
2021-02-01,2021,32,24.76
2021-02-02,2021,33,79.46
2021-02-03,2021,34,35.99
2021-02-04,2021,35,40.72
2021-02-05,2021,36,45.28
2021-02-06,2021,37,137.51
2021-02-07,2021,38,31.85
2021-02-08,2021,39,76.77
2021-02-09,2021,40,111.02
2021-02-10,2021,41,104.87
2021-02-11,2021,42,111.68
2021-02-12,2021,43,71.31
2021-02-13,2021,44,47.37
2021-02-14,2021,45,50.52
2021-02-15,2021,46,27.36
2021-02-16,2021,47,39.55
2021-02-17,2021,48,40.43
2021-02-18,2021,49,36.07
2021-02-19,2021,50,49.28
2021-02-20,2021,51,59.48
2021-02-21,2021,52,105.05
2021-02-22,2021,53,88.52
2021-02-23,2021,54,33.29
2021-02-24,2021,55,83.67
2021-02-25,2021,56,76.47
2021-02-26,2021,57,30.33
2021-02-27,2021,58,91.89
2021-02-28,2021,59,51.41
2021-03-01,2021,60,100.68
2021-03-02,2021,61,36.68
2021-03-03,2021,62,22.3
2021-03-04,2021,63,89.44
2021-03-05,2021,64,32.94
2021-03-06,2021,65,132.06
2021-03-07,2021,66,127.24
2021-03-08,2021,67,38.96
2021-03-09,2021,68,106.81
2021-03-10,2021,69,33.65
2021-03-11,2021,70,34.73
2021-03-12,2021,71,26.55
2021-03-13,2021,72,117.49
2021-03-14,2021,73,92.45
2021-03-15,2021,74,107.65
2021-03-16,2021,75,44.34
2021-03-17,2021,76,39.93
2021-03-18,2021,77,102.65
2021-03-19,2021,78,114.06
2021-03-20,2021,79,33.02
2021-03-21,2021,80,58.33
2021-03-22,2021,81,15.38
2021-03-23,2021,82,24.23
2021-03-24,2021,83,72.17
2021-03-25,2021,84,20.14
2021-03-26,2021,85,40.07
2021-03-27,2021,86,34.73
2021-03-28,2021,87,118.86
2021-03-29,2021,88,43.8
2021-03-30,2021,89,28.07
2021-03-31,2021,90,103.1
2021-04-01,2021,91,26.0
2021-04-02,2021,92,38.76
2021-04-03,2021,93,126.91
2021-04-04,2021,94,63.34
2021-04-05,2021,95,17.86
2021-04-06,2021,96,40.9
2021-04-07,2021,97,27.9
2021-04-08,2021,98,82.2
2021-04-09,2021,99,47.04
2021-04-10,2021,100,48.1
2021-04-11,2021,101,126.99
2021-04-12,2021,102,113.8
2021-04-13,2021,103,33.95
2021-04-14,2021,104,40.22
2021-04-15,2021,105,35.3
2021-04-16,2021,106,46.89
2021-04-17,2021,107,49.4
2021-04-18,2021,108,86.46
2021-04-19,2021,109,36.09
2021-04-20,2021,110,32.16
2021-04-21,2021,111,38.14
2021-04-22,2021,112,20.27
2021-04-23,2021,113,77.2
2021-04-24,2021,114,42.0
2021-04-25,2021,115,88.02
2021-04-26,2021,116,81.73
2021-04-27,2021,117,35.07
2021-04-28,2021,118,31.83
2021-04-29,2021,119,51.52
2021-04-30,2021,120,43.0
2021-05-01,2021,121,41.51
2021-05-02,2021,122,112.32
2021-05-03,2021,123,31.52
2021-05-04,2021,124,82.73
2021-05-05,2021,125,104.47
2021-05-06,2021,126,38.55
2021-05-07,2021,127,103.22
2021-05-08,2021,128,97.58
2021-05-09,2021,129,53.3
2021-05-10,2021,130,33.1
2021-05-11,2021,131,35.16
2021-05-12,2021,132,121.98
2021-05-13,2021,133,77.05
2021-05-14,2021,134,95.3
2021-05-15,2021,135,121.66
2021-05-16,2021,136,57.83
2021-05-17,2021,137,36.28
2021-05-18,2021,138,34.62
2021-05-19,2021,139,46.61
2021-05-20,2021,140,80.77
2021-05-21,2021,141,28.65
2021-05-22,2021,142,31.44
2021-05-23,2021,143,124.63
2021-05-24,2021,144,30.43
2021-05-25,2021,145,72.31
2021-05-26,2021,146,21.72
2021-05-27,2021,147,26.68
2021-05-28,2021,148,22.58
2021-05-29,2021,149,48.05
2021-05-30,2021,150,108.37
2021-05-31,2021,151,37.58
2021-06-01,2021,152,103.48
2021-06-02,2021,153,33.04
2021-06-03,2021,154,16.83
2021-06-04,2021,155,24.24
2021-06-05,2021,156,30.95
2021-06-06,2021,157,35.45
2021-06-07,2021,158,19.37
2021-06-08,2021,159,38.78
2021-06-09,2021,160,30.06
2021-06-10,2021,161,105.47
2021-06-11,2021,162,96.83
2021-06-12,2021,163,19.42
2021-06-13,2021,164,26.37
2021-06-14,2021,165,25.35
2021-06-15,2021,166,18.61
2021-06-16,2021,167,59.89
2021-06-17,2021,168,15.78
2021-06-18,2021,169,66.21
2021-06-19,2021,170,18.01
2021-06-20,2021,171,26.04
2021-06-21,2021,172,12.15
2021-06-22,2021,173,22.97
2021-06-23,2021,174,22.72
2021-06-24,2021,175,102.36
2021-06-25,2021,176,20.87
2021-06-26,2021,177,18.23
2021-06-27,2021,178,120.95
2021-06-28,2021,179,23.07
2021-06-29,2021,180,88.49
2021-06-30,2021,181,24.85
2021-07-01,2021,182,59.55
2021-07-02,2021,183,106.0
2021-07-03,2021,184,46.39
2021-07-04,2021,185,30.83
2021-07-05,2021,186,87.79
2021-07-06,2021,187,21.16
2021-07-07,2021,188,27.18
2021-07-08,2021,189,36.74
2021-07-09,2021,190,65.86
2021-07-10,2021,191,102.23
2021-07-11,2021,192,38.2
2021-07-12,2021,193,23.4
2021-07-13,2021,194,26.7
2021-07-14,2021,195,15.0
2021-07-15,2021,196,21.98
2021-07-16,2021,197,26.07
2021-07-17,2021,198,27.92
2021-07-18,2021,199,84.52
2021-07-19,2021,200,24.14
2021-07-20,2021,201,25.93
2021-07-21,2021,202,29.92
2021-07-22,2021,203,19.63
2021-07-23,2021,204,26.0
2021-07-24,2021,205,106.15
2021-07-25,2021,206,29.7
2021-07-26,2021,207,25.94
2021-07-27,2021,208,60.16
2021-07-28,2021,209,107.58
2021-07-29,2021,210,26.68
2021-07-30,2021,211,58.68
2021-07-31,2021,212,37.43
2021-08-01,2021,213,101.69
2021-08-02,2021,214,45.38
2021-08-03,2021,215,76.21
2021-08-04,2021,216,26.85
2021-08-05,2021,217,43.4
2021-08-06,2021,218,41.29
2021-08-07,2021,219,101.8
2021-08-08,2021,220,118.76
2021-08-09,2021,221,32.22
2021-08-10,2021,222,74.53
2021-08-11,2021,223,66.24
2021-08-12,2021,224,72.39
2021-08-13,2021,225,24.88
2021-08-14,2021,226,48.26
2021-08-15,2021,227,82.46
2021-08-16,2021,228,26.68
2021-08-17,2021,229,29.33
2021-08-18,2021,230,26.76
2021-08-19,2021,231,23.72
2021-08-20,2021,232,98.35
2021-08-21,2021,233,32.03
2021-08-22,2021,234,79.31
2021-08-23,2021,235,69.26
2021-08-24,2021,236,68.98
2021-08-25,2021,237,77.21
2021-08-26,2021,238,24.53
2021-08-27,2021,239,69.31
2021-08-28,2021,240,33.06
2021-08-29,2021,241,98.52
2021-08-30,2021,242,23.46
2021-08-31,2021,243,107.46
2021-09-01,2021,244,72.04
2021-09-02,2021,245,108.71
2021-09-03,2021,246,27.52
2021-09-04,2021,247,96.15
2021-09-05,2021,248,88.54
2021-09-06,2021,249,31.57
2021-09-07,2021,250,39.45
2021-09-08,2021,251,77.8
2021-09-09,2021,252,66.84
2021-09-10,2021,253,45.11
2021-09-11,2021,254,44.83
2021-09-12,2021,255,29.92
2021-09-13,2021,256,123.96
2021-09-14,2021,257,52.23
2021-09-15,2021,258,40.71
2021-09-16,2021,259,43.79
2021-09-17,2021,260,77.12
2021-09-18,2021,261,55.46
2021-09-19,2021,262,51.67
2021-09-20,2021,263,39.1
2021-09-21,2021,264,90.08
2021-09-22,2021,265,35.86
2021-09-23,2021,266,41.5
2021-09-24,2021,267,44.79
2021-09-25,2021,268,54.37
2021-09-26,2021,269,52.79
2021-09-27,2021,270,38.78
2021-09-28,2021,271,33.7
2021-09-29,2021,272,40.86
2021-09-30,2021,273,37.82
2021-10-01,2021,274,25.12
2021-10-02,2021,275,117.17
2021-10-03,2021,276,90.23
2021-10-04,2021,277,36.37
2021-10-05,2021,278,114.43
2021-10-06,2021,279,31.91
2021-10-07,2021,280,104.65
2021-10-08,2021,281,39.58
2021-10-09,2021,282,42.17
2021-10-10,2021,283,43.72
2021-10-11,2021,284,74.47
2021-10-12,2021,285,45.91
2021-10-13,2021,286,30.96
2021-10-14,2021,287,34.51
2021-10-15,2021,288,67.92
2021-10-16,2021,289,59.04
2021-10-17,2021,290,90.51
2021-10-18,2021,291,87.84
2021-10-19,2021,292,86.68
2021-10-20,2021,293,113.17
2021-10-21,2021,294,42.3
2021-10-22,2021,295,33.41
2021-10-23,2021,296,53.17
2021-10-24,2021,297,42.17
2021-10-25,2021,298,84.91
2021-10-26,2021,299,32.24
2021-10-27,2021,300,33.56
2021-10-28,2021,301,27.08
2021-10-29,2021,302,38.44
2021-10-30,2021,303,122.76
2021-10-31,2021,304,39.49
2021-11-01,2021,305,75.39
2021-11-02,2021,306,76.51
2021-11-03,2021,307,53.51
2021-11-04,2021,308,31.24
2021-11-05,2021,309,32.09
2021-11-06,2021,310,38.97
2021-11-07,2021,311,51.3
2021-11-08,2021,312,43.53
2021-11-09,2021,313,77.9
2021-11-10,2021,314,32.16
2021-11-11,2021,315,38.74
2021-11-12,2021,316,78.47
2021-11-13,2021,317,37.41
2021-11-14,2021,318,55.76
2021-11-15,2021,319,39.72
2021-11-16,2021,320,29.43
2021-11-17,2021,321,20.37
2021-11-18,2021,322,40.47
2021-11-19,2021,323,116.82
2021-11-20,2021,324,117.18
2021-11-21,2021,325,49.58
2021-11-22,2021,326,36.18
2021-11-23,2021,327,31.71
2021-11-24,2021,328,36.32
2021-11-25,2021,329,105.24
2021-11-26,2021,330,48.49
2021-11-27,2021,331,79.4
2021-11-28,2021,332,53.52
2021-11-29,2021,333,33.62
2021-11-30,2021,334,82.99
2021-12-01,2021,335,21.66
2021-12-02,2021,336,19.36
2021-12-03,2021,337,14.53
2021-12-04,2021,338,34.32
2021-12-05,2021,339,76.88
2021-12-06,2021,340,14.38
2021-12-07,2021,341,88.08
2021-12-08,2021,342,21.39
2021-12-09,2021,343,19.26
2021-12-10,2021,344,15.95
2021-12-11,2021,345,40.71
2021-12-12,2021,346,48.71
2021-12-13,2021,347,29.21
2021-12-14,2021,348,16.33
2021-12-15,2021,349,35.84
2021-12-16,2021,350,17.07
2021-12-17,2021,351,16.31
2021-12-18,2021,352,82.39
2021-12-19,2021,353,25.79
2021-12-20,2021,354,20.11
2021-12-21,2021,355,32.45
2021-12-22,2021,356,76.64
2021-12-23,2021,357,87.29
2021-12-24,2021,358,65.75
2021-12-25,2021,359,117.04
2021-12-26,2021,360,70.81
2021-12-27,2021,361,19.99
2021-12-28,2021,362,33.05
2021-12-29,2021,363,18.79
2021-12-30,2021,364,29.24
2021-12-31,2021,365,24.27
2022-01-01,2022,1,47.01
2022-01-02,2022,2,43.55
2022-01-03,2022,3,25.51
2022-01-04,2022,4,30.87
2022-01-05,2022,5,40.33
2022-01-06,2022,6,39.14
2022-01-07,2022,7,30.14
2022-01-08,2022,8,40.68
2022-01-09,2022,9,125.08
2022-01-10,2022,10,36.26
2022-01-11,2022,11,16.84
2022-01-12,2022,12,100.53
2022-01-13,2022,13,20.97
2022-01-14,2022,14,110.2
2022-01-15,2022,15,81.45
2022-01-16,2022,16,85.1
2022-01-17,2022,17,95.93
2022-01-18,2022,18,83.47
2022-01-19,2022,19,35.92
2022-01-20,2022,20,31.93
2022-01-21,2022,21,102.21
2022-01-22,2022,22,50.11
2022-01-23,2022,23,38.52
2022-01-24,2022,24,25.13
2022-01-25,2022,25,98.68
2022-01-26,2022,26,25.32
2022-01-27,2022,27,70.09
2022-01-28,2022,28,71.63
2022-01-29,2022,29,52.82
2022-01-30,2022,30,40.09
2022-01-31,2022,31,85.21
2022-02-01,2022,32,42.86
2022-02-02,2022,33,111.4
2022-02-03,2022,34,41.86
2022-02-04,2022,35,35.51
2022-02-05,2022,36,36.92
2022-02-06,2022,37,51.15
2022-02-07,2022,38,30.33
2022-02-08,2022,39,47.32
2022-02-09,2022,40,24.18
2022-02-10,2022,41,38.46
2022-02-11,2022,42,120.67
2022-02-12,2022,43,111.79
2022-02-13,2022,44,132.61
2022-02-14,2022,45,84.71
2022-02-15,2022,46,41.69
2022-02-16,2022,47,78.18
2022-02-17,2022,48,30.82
2022-02-18,2022,49,23.32
2022-02-19,2022,50,64.01
2022-02-20,2022,51,127.19
2022-02-21,2022,52,25.1
2022-02-22,2022,53,44.04
2022-02-23,2022,54,47.37
2022-02-24,2022,55,23.46
2022-02-25,2022,56,92.98
2022-02-26,2022,57,43.09
2022-02-27,2022,58,55.04
2022-02-28,2022,59,117.66
2022-03-01,2022,60,111.76
2022-03-02,2022,61,81.46
2022-03-03,2022,62,28.88
2022-03-04,2022,63,72.47
2022-03-05,2022,64,87.58
2022-03-06,2022,65,42.64
2022-03-07,2022,66,19.8
2022-03-08,2022,67,39.9
2022-03-09,2022,68,106.43
2022-03-10,2022,69,24.77
2022-03-11,2022,70,39.48
2022-03-12,2022,71,41.19
2022-03-13,2022,72,51.08
2022-03-14,2022,73,40.17
2022-03-15,2022,74,39.47
2022-03-16,2022,75,78.37
2022-03-17,2022,76,37.89
2022-03-18,2022,77,30.32
2022-03-19,2022,78,97.29
2022-03-20,2022,79,48.89
2022-03-21,2022,80,81.41
2022-03-22,2022,81,48.26
2022-03-23,2022,82,40.33
2022-03-24,2022,83,83.47
2022-03-25,2022,84,126.31
2022-03-26,2022,85,58.66
2022-03-27,2022,86,45.38
2022-03-28,2022,87,45.23
2022-03-29,2022,88,47.95
2022-03-30,2022,89,94.01
2022-03-31,2022,90,23.9
2022-04-01,2022,91,77.71
2022-04-02,2022,92,25.39
2022-04-03,2022,93,101.5
2022-04-04,2022,94,32.02
2022-04-05,2022,95,74.63
2022-04-06,2022,96,75.56
2022-04-07,2022,97,41.59
2022-04-08,2022,98,32.15
2022-04-09,2022,99,57.84
2022-04-10,2022,100,48.82
2022-04-11,2022,101,55.31
2022-04-12,2022,102,42.89
2022-04-13,2022,103,110.07
2022-04-14,2022,104,33.26
2022-04-15,2022,105,35.86
2022-04-16,2022,106,131.55
2022-04-17,2022,107,53.54
2022-04-18,2022,108,111.43
2022-04-19,2022,109,81.47
2022-04-20,2022,110,46.17
2022-04-21,2022,111,42.57
2022-04-22,2022,112,79.69
2022-04-23,2022,113,48.26
2022-04-24,2022,114,103.4
2022-04-25,2022,115,23.86
2022-04-26,2022,116,25.07
2022-04-27,2022,117,78.3
2022-04-28,2022,118,43.53
2022-04-29,2022,119,38.05
2022-04-30,2022,120,135.79
2022-05-01,2022,121,61.09
2022-05-02,2022,122,44.25
2022-05-03,2022,123,38.54
2022-05-04,2022,124,105.38
2022-05-05,2022,125,27.73
2022-05-06,2022,126,106.5
2022-05-07,2022,127,46.64
2022-05-08,2022,128,124.2
2022-05-09,2022,129,67.21
2022-05-10,2022,130,29.78
2022-05-11,2022,131,41.74
2022-05-12,2022,132,25.45
2022-05-13,2022,133,12.97
2022-05-14,2022,134,97.78
2022-05-15,2022,135,98.86
2022-05-16,2022,136,26.23
2022-05-17,2022,137,33.37
2022-05-18,2022,138,41.2
2022-05-19,2022,139,47.74
2022-05-20,2022,140,104.27
2022-05-21,2022,141,124.87
2022-05-22,2022,142,51.5
2022-05-23,2022,143,32.87
2022-05-24,2022,144,42.25
2022-05-25,2022,145,36.86
2022-05-26,2022,146,44.6
2022-05-27,2022,147,29.46
2022-05-28,2022,148,105.97
2022-05-29,2022,149,88.15
2022-05-30,2022,150,40.97
2022-05-31,2022,151,37.72
2022-06-01,2022,152,37.49
2022-06-02,2022,153,18.36
2022-06-03,2022,154,99.32
2022-06-04,2022,155,66.15
2022-06-05,2022,156,23.09
2022-06-06,2022,157,89.14
2022-06-07,2022,158,34.73
2022-06-08,2022,159,10.69
2022-06-09,2022,160,35.49
2022-06-10,2022,161,25.48
2022-06-11,2022,162,118.31
2022-06-12,2022,163,77.95
2022-06-13,2022,164,64.03
2022-06-14,2022,165,104.87
2022-06-15,2022,166,25.64
2022-06-16,2022,167,19.62
2022-06-17,2022,168,29.12
2022-06-18,2022,169,29.04
2022-06-19,2022,170,42.74
2022-06-20,2022,171,64.43
2022-06-21,2022,172,110.64
2022-06-22,2022,173,15.22
2022-06-23,2022,174,95.51
2022-06-24,2022,175,20.77
2022-06-25,2022,176,36.65
2022-06-26,2022,177,36.36
2022-06-27,2022,178,19.98
2022-06-28,2022,179,95.92
2022-06-29,2022,180,19.0
2022-06-30,2022,181,73.44
2022-07-01,2022,182,15.03
2022-07-02,2022,183,39.89
2022-07-03,2022,184,31.09
2022-07-04,2022,185,95.89
2022-07-05,2022,186,24.68
2022-07-06,2022,187,66.12
2022-07-07,2022,188,70.29
2022-07-08,2022,189,89.83
2022-07-09,2022,190,86.91
2022-07-10,2022,191,38.48
2022-07-11,2022,192,22.78
2022-07-12,2022,193,21.78
2022-07-13,2022,194,15.81
2022-07-14,2022,195,92.33
2022-07-15,2022,196,27.38
2022-07-16,2022,197,36.12
2022-07-17,2022,198,111.87
2022-07-18,2022,199,88.2
2022-07-19,2022,200,100.1
2022-07-20,2022,201,27.27
2022-07-21,2022,202,14.89
2022-07-22,2022,203,24.28
2022-07-23,2022,204,104.17
2022-07-24,2022,205,28.21
2022-07-25,2022,206,93.37
2022-07-26,2022,207,8.43
2022-07-27,2022,208,30.4
2022-07-28,2022,209,28.05
2022-07-29,2022,210,25.64
2022-07-30,2022,211,31.96
2022-07-31,2022,212,77.24
2022-08-01,2022,213,27.15
2022-08-02,2022,214,31.32
2022-08-03,2022,215,26.01
2022-08-04,2022,216,26.75
2022-08-05,2022,217,103.69
2022-08-06,2022,218,46.15
2022-08-07,2022,219,31.46
2022-08-08,2022,220,69.73
2022-08-09,2022,221,60.85
2022-08-10,2022,222,34.18
2022-08-11,2022,223,105.1
2022-08-12,2022,224,28.72
2022-08-13,2022,225,103.16
2022-08-14,2022,226,44.22
2022-08-15,2022,227,37.97
2022-08-16,2022,228,104.42
2022-08-17,2022,229,19.04
2022-08-18,2022,230,28.59
2022-08-19,2022,231,104.29
2022-08-20,2022,232,35.25
2022-08-21,2022,233,48.05
2022-08-22,2022,234,33.18
2022-08-23,2022,235,11.15
2022-08-24,2022,236,27.54
2022-08-25,2022,237,23.62
2022-08-26,2022,238,69.11
2022-08-27,2022,239,37.13
2022-08-28,2022,240,22.72
2022-08-29,2022,241,76.94
2022-08-30,2022,242,80.61
2022-08-31,2022,243,32.55
2022-09-01,2022,244,29.21
2022-09-02,2022,245,118.39
2022-09-03,2022,246,54.03
2022-09-04,2022,247,134.27
2022-09-05,2022,248,37.76
2022-09-06,2022,249,42.24
2022-09-07,2022,250,35.9
2022-09-08,2022,251,93.57
2022-09-09,2022,252,30.4
2022-09-10,2022,253,127.6
2022-09-11,2022,254,37.84
2022-09-12,2022,255,39.1
2022-09-13,2022,256,32.87
2022-09-14,2022,257,89.32
2022-09-15,2022,258,80.86
2022-09-16,2022,259,72.3
2022-09-17,2022,260,49.91
2022-09-18,2022,261,56.25
2022-09-19,2022,262,26.45
2022-09-20,2022,263,105.58
2022-09-21,2022,264,112.31
2022-09-22,2022,265,43.65
2022-09-23,2022,266,16.48
2022-09-24,2022,267,121.6
2022-09-25,2022,268,45.08
2022-09-26,2022,269,88.02
2022-09-27,2022,270,77.91
2022-09-28,2022,271,111.58
2022-09-29,2022,272,37.73
2022-09-30,2022,273,40.71
2022-10-01,2022,274,40.97
2022-10-02,2022,275,56.87
2022-10-03,2022,276,39.83
2022-10-04,2022,277,21.22
2022-10-05,2022,278,40.2
2022-10-06,2022,279,38.86
2022-10-07,2022,280,16.7
2022-10-08,2022,281,123.0
2022-10-09,2022,282,126.88
2022-10-10,2022,283,41.78
2022-10-11,2022,284,44.36
2022-10-12,2022,285,79.18
2022-10-13,2022,286,28.88
2022-10-14,2022,287,36.92
2022-10-15,2022,288,86.92
2022-10-16,2022,289,140.13
2022-10-17,2022,290,31.11
2022-10-18,2022,291,33.43
2022-10-19,2022,292,89.76
2022-10-20,2022,293,25.25
2022-10-21,2022,294,39.51
2022-10-22,2022,295,81.23
2022-10-23,2022,296,40.54
2022-10-24,2022,297,30.85
2022-10-25,2022,298,32.49
2022-10-26,2022,299,64.43
2022-10-27,2022,300,33.93
2022-10-28,2022,301,46.52
2022-10-29,2022,302,48.77
2022-10-30,2022,303,119.02
2022-10-31,2022,304,37.01
2022-11-01,2022,305,39.1
2022-11-02,2022,306,110.27
2022-11-03,2022,307,41.41
2022-11-04,2022,308,37.94
2022-11-05,2022,309,89.84
2022-11-06,2022,310,27.13
2022-11-07,2022,311,93.31
2022-11-08,2022,312,46.29
2022-11-09,2022,313,17.68
2022-11-10,2022,314,105.69
2022-11-11,2022,315,95.07
2022-11-12,2022,316,112.59
2022-11-13,2022,317,80.05
2022-11-14,2022,318,40.75
2022-11-15,2022,319,82.84
2022-11-16,2022,320,118.38
2022-11-17,2022,321,46.06
2022-11-18,2022,322,26.92
2022-11-19,2022,323,121.78
2022-11-20,2022,324,77.91
2022-11-21,2022,325,36.63
2022-11-22,2022,326,98.89
2022-11-23,2022,327,113.11
2022-11-24,2022,328,42.55
2022-11-25,2022,329,38.62
2022-11-26,2022,330,60.47
2022-11-27,2022,331,101.59
2022-11-28,2022,332,42.55
2022-11-29,2022,333,38.17
2022-11-30,2022,334,32.86
2022-12-01,2022,335,19.06
2022-12-02,2022,336,62.62
2022-12-03,2022,337,30.24
2022-12-04,2022,338,38.97
2022-12-05,2022,339,11.28
2022-12-06,2022,340,23.93
2022-12-07,2022,341,9.73
2022-12-08,2022,342,31.8
2022-12-09,2022,343,101.45
2022-12-10,2022,344,44.47
2022-12-11,2022,345,118.36
2022-12-12,2022,346,8.78
2022-12-13,2022,347,33.2
2022-12-14,2022,348,25.36
2022-12-15,2022,349,19.81
2022-12-16,2022,350,27.07
2022-12-17,2022,351,90.31
2022-12-18,2022,352,16.71
2022-12-19,2022,353,52.19
2022-12-20,2022,354,21.11
2022-12-21,2022,355,66.99
2022-12-22,2022,356,24.64
2022-12-23,2022,357,12.23
2022-12-24,2022,358,122.16
2022-12-25,2022,359,101.26
2022-12-26,2022,360,35.41
2022-12-27,2022,361,100.81
2022-12-28,2022,362,18.16
2022-12-29,2022,363,90.59
2022-12-30,2022,364,22.33
2022-12-31,2022,365,69.13
2023-01-01,2023,1,46.24
2023-01-02,2023,2,74.05
2023-01-03,2023,3,17.23
2023-01-04,2023,4,33.27
2023-01-05,2023,5,26.59
2023-01-06,2023,6,37.36
2023-01-07,2023,7,29.03
2023-01-08,2023,8,120.8
2023-01-09,2023,9,34.83
2023-01-10,2023,10,20.41
2023-01-11,2023,11,32.17
2023-01-12,2023,12,106.11
2023-01-13,2023,13,36.24
2023-01-14,2023,14,48.71
2023-01-15,2023,15,95.04
2023-01-16,2023,16,61.89
2023-01-17,2023,17,110.84
2023-01-18,2023,18,16.17
2023-01-19,2023,19,92.96
2023-01-20,2023,20,11.43
2023-01-21,2023,21,47.13
2023-01-22,2023,22,44.67
2023-01-23,2023,23,22.73
2023-01-24,2023,24,60.18
2023-01-25,2023,25,26.18
2023-01-26,2023,26,44.65
2023-01-27,2023,27,34.11
2023-01-28,2023,28,108.58
2023-01-29,2023,29,112.63
2023-01-30,2023,30,96.07
2023-01-31,2023,31,76.93
2023-02-01,2023,32,36.46
2023-02-02,2023,33,96.83
2023-02-03,2023,34,42.34
2023-02-04,2023,35,121.97
2023-02-05,2023,36,39.61
2023-02-06,2023,37,17.76
2023-02-07,2023,38,36.18
2023-02-08,2023,39,34.35
2023-02-09,2023,40,48.58
2023-02-10,2023,41,44.27
2023-02-11,2023,42,128.0
2023-02-12,2023,43,46.66
2023-02-13,2023,44,28.36
2023-02-14,2023,45,114.71
2023-02-15,2023,46,21.1
2023-02-16,2023,47,41.92
2023-02-17,2023,48,53.07
2023-02-18,2023,49,48.19
2023-02-19,2023,50,52.97
2023-02-20,2023,51,41.72
2023-02-21,2023,52,43.6
2023-02-22,2023,53,80.31
2023-02-23,2023,54,28.2
2023-02-24,2023,55,37.6
2023-02-25,2023,56,149.95
2023-02-26,2023,57,123.8
2023-02-27,2023,58,91.37
2023-02-28,2023,59,36.28
2023-03-01,2023,60,32.76
2023-03-02,2023,61,24.21
2023-03-03,2023,62,100.4
2023-03-04,2023,63,49.05
2023-03-05,2023,64,120.25
2023-03-06,2023,65,93.2
2023-03-07,2023,66,29.7
2023-03-08,2023,67,101.63
2023-03-09,2023,68,34.19
2023-03-10,2023,69,33.07
2023-03-11,2023,70,45.23
2023-03-12,2023,71,50.37
2023-03-13,2023,72,35.52
2023-03-14,2023,73,40.95
2023-03-15,2023,74,109.18
2023-03-16,2023,75,36.48
2023-03-17,2023,76,41.38
2023-03-18,2023,77,129.32
2023-03-19,2023,78,38.99
2023-03-20,2023,79,38.77
2023-03-21,2023,80,112.92
2023-03-22,2023,81,85.66
2023-03-23,2023,82,31.78
2023-03-24,2023,83,28.52
2023-03-25,2023,84,52.13
2023-03-26,2023,85,27.82
2023-03-27,2023,86,42.93
2023-03-28,2023,87,126.29
2023-03-29,2023,88,39.92
2023-03-30,2023,89,26.57
2023-03-31,2023,90,119.09
2023-04-01,2023,91,98.73
2023-04-02,2023,92,58.75
2023-04-03,2023,93,83.76
2023-04-04,2023,94,46.54
2023-04-05,2023,95,33.07
2023-04-06,2023,96,30.83
2023-04-07,2023,97,32.33
2023-04-08,2023,98,52.03
2023-04-09,2023,99,58.08
2023-04-10,2023,100,71.3
2023-04-11,2023,101,75.76
2023-04-12,2023,102,48.16
2023-04-13,2023,103,81.57
2023-04-14,2023,104,36.32
2023-04-15,2023,105,38.21
2023-04-16,2023,106,56.32
2023-04-17,2023,107,35.74
2023-04-18,2023,108,29.54
2023-04-19,2023,109,48.05
2023-04-20,2023,110,48.56
2023-04-21,2023,111,72.11
2023-04-22,2023,112,44.15
2023-04-23,2023,113,51.51
2023-04-24,2023,114,72.35
2023-04-25,2023,115,36.02
2023-04-26,2023,116,21.93
2023-04-27,2023,117,32.46
2023-04-28,2023,118,38.83
2023-04-29,2023,119,54.09
2023-04-30,2023,120,39.37
2023-05-01,2023,121,67.07
2023-05-02,2023,122,97.1
2023-05-03,2023,123,78.54
2023-05-04,2023,124,45.15
2023-05-05,2023,125,26.28
2023-05-06,2023,126,42.97
2023-05-07,2023,127,34.21
2023-05-08,2023,128,51.73
2023-05-09,2023,129,23.6
2023-05-10,2023,130,42.69
2023-05-11,2023,131,113.61
2023-05-12,2023,132,33.06
2023-05-13,2023,133,81.64
2023-05-14,2023,134,56.26
2023-05-15,2023,135,16.82
2023-05-16,2023,136,33.11
2023-05-17,2023,137,105.2
2023-05-18,2023,138,38.08
2023-05-19,2023,139,50.5
2023-05-20,2023,140,29.52
2023-05-21,2023,141,61.49
2023-05-22,2023,142,42.41
2023-05-23,2023,143,25.7
2023-05-24,2023,144,32.62
2023-05-25,2023,145,31.08
2023-05-26,2023,146,20.95
2023-05-27,2023,147,49.36
2023-05-28,2023,148,104.24
2023-05-29,2023,149,39.57
2023-05-30,2023,150,28.1
2023-05-31,2023,151,102.57
2023-06-01,2023,152,99.25
2023-06-02,2023,153,16.6
2023-06-03,2023,154,30.57
2023-06-04,2023,155,108.33
2023-06-05,2023,156,93.98
2023-06-06,2023,157,21.11
2023-06-07,2023,158,18.57
2023-06-08,2023,159,25.33
2023-06-09,2023,160,21.18
2023-06-10,2023,161,44.87
2023-06-11,2023,162,91.47
2023-06-12,2023,163,97.84
2023-06-13,2023,164,66.84
2023-06-14,2023,165,90.13
2023-06-15,2023,166,109.0
2023-06-16,2023,167,20.94
2023-06-17,2023,168,22.44
2023-06-18,2023,169,47.45
2023-06-19,2023,170,9.69
2023-06-20,2023,171,5.81
2023-06-21,2023,172,22.15
2023-06-22,2023,173,13.61
2023-06-23,2023,174,28.77
2023-06-24,2023,175,41.37
2023-06-25,2023,176,86.2
2023-06-26,2023,177,20.78
2023-06-27,2023,178,56.26
2023-06-28,2023,179,57.97
2023-06-29,2023,180,57.42
2023-06-30,2023,181,23.74
2023-07-01,2023,182,30.89
2023-07-02,2023,183,39.74
2023-07-03,2023,184,75.55
2023-07-04,2023,185,31.3
2023-07-05,2023,186,113.22
2023-07-06,2023,187,95.19
2023-07-07,2023,188,22.56
2023-07-08,2023,189,45.87
2023-07-09,2023,190,35.97
2023-07-10,2023,191,21.21
2023-07-11,2023,192,15.5
2023-07-12,2023,193,12.16
2023-07-13,2023,194,24.76
2023-07-14,2023,195,30.8
2023-07-15,2023,196,118.9
2023-07-16,2023,197,91.69
2023-07-17,2023,198,62.22
2023-07-18,2023,199,63.22
2023-07-19,2023,200,62.51
2023-07-20,2023,201,71.17
2023-07-21,2023,202,20.67
2023-07-22,2023,203,39.95
2023-07-23,2023,204,102.75
2023-07-24,2023,205,106.99
2023-07-25,2023,206,25.14
2023-07-26,2023,207,19.65
2023-07-27,2023,208,24.11
2023-07-28,2023,209,32.74
2023-07-29,2023,210,73.68
2023-07-30,2023,211,90.88
2023-07-31,2023,212,65.42
2023-08-01,2023,213,95.45
2023-08-02,2023,214,37.88
2023-08-03,2023,215,100.27
2023-08-04,2023,216,29.72
2023-08-05,2023,217,81.12
2023-08-06,2023,218,85.34
2023-08-07,2023,219,10.52
2023-08-08,2023,220,75.81
2023-08-09,2023,221,36.71
2023-08-10,2023,222,68.5
2023-08-11,2023,223,24.37
2023-08-12,2023,224,132.32
2023-08-13,2023,225,48.71
2023-08-14,2023,226,31.67
2023-08-15,2023,227,15.66
2023-08-16,2023,228,32.41
2023-08-17,2023,229,36.22
2023-08-18,2023,230,83.1
2023-08-19,2023,231,37.43
2023-08-20,2023,232,81.42
2023-08-21,2023,233,67.01
2023-08-22,2023,234,32.82
2023-08-23,2023,235,108.48
2023-08-24,2023,236,71.25
2023-08-25,2023,237,13.19
2023-08-26,2023,238,29.19
2023-08-27,2023,239,121.02
2023-08-28,2023,240,31.16
2023-08-29,2023,241,65.21
2023-08-30,2023,242,17.4
2023-08-31,2023,243,32.25
2023-09-01,2023,244,28.23
2023-09-02,2023,245,102.14
2023-09-03,2023,246,82.63
2023-09-04,2023,247,49.96
2023-09-05,2023,248,31.38
2023-09-06,2023,249,33.69
2023-09-07,2023,250,85.31
2023-09-08,2023,251,44.3
2023-09-09,2023,252,55.47
2023-09-10,2023,253,52.96
2023-09-11,2023,254,37.55
2023-09-12,2023,255,37.05
2023-09-13,2023,256,39.28
2023-09-14,2023,257,46.67
2023-09-15,2023,258,28.08
2023-09-16,2023,259,93.31
2023-09-17,2023,260,48.78
2023-09-18,2023,261,122.18
2023-09-19,2023,262,32.29
2023-09-20,2023,263,37.7
2023-09-21,2023,264,109.98
2023-09-22,2023,265,122.09
2023-09-23,2023,266,51.33
2023-09-24,2023,267,52.06
2023-09-25,2023,268,66.83
2023-09-26,2023,269,40.71
2023-09-27,2023,270,117.42
2023-09-28,2023,271,124.34
2023-09-29,2023,272,25.39
2023-09-30,2023,273,49.05
2023-10-01,2023,274,103.29
2023-10-02,2023,275,33.41
2023-10-03,2023,276,36.06
2023-10-04,2023,277,38.7
2023-10-05,2023,278,28.57
2023-10-06,2023,279,78.83
2023-10-07,2023,280,39.95
2023-10-08,2023,281,94.34
2023-10-09,2023,282,112.32
2023-10-10,2023,283,80.5
2023-10-11,2023,284,46.0
2023-10-12,2023,285,35.19
2023-10-13,2023,286,62.72
2023-10-14,2023,287,52.58
2023-10-15,2023,288,58.21
2023-10-16,2023,289,105.07
2023-10-17,2023,290,50.65
2023-10-18,2023,291,47.34
2023-10-19,2023,292,115.01
2023-10-20,2023,293,49.61
2023-10-21,2023,294,49.42
2023-10-22,2023,295,127.13
2023-10-23,2023,296,51.84
2023-10-24,2023,297,114.28
2023-10-25,2023,298,28.82
2023-10-26,2023,299,52.13
2023-10-27,2023,300,46.48
2023-10-28,2023,301,46.8
2023-10-29,2023,302,59.58
2023-10-30,2023,303,26.08
2023-10-31,2023,304,20.48
2023-11-01,2023,305,44.44
2023-11-02,2023,306,40.02
2023-11-03,2023,307,29.62
2023-11-04,2023,308,87.66
2023-11-05,2023,309,118.88
2023-11-06,2023,310,37.66
2023-11-07,2023,311,39.99
2023-11-08,2023,312,8.95
2023-11-09,2023,313,79.46
2023-11-10,2023,314,32.67
2023-11-11,2023,315,53.1
2023-11-12,2023,316,94.08
2023-11-13,2023,317,46.06
2023-11-14,2023,318,45.93
2023-11-15,2023,319,66.15
2023-11-16,2023,320,22.35
2023-11-17,2023,321,80.57
2023-11-18,2023,322,33.71
2023-11-19,2023,323,114.62
2023-11-20,2023,324,27.55
2023-11-21,2023,325,29.93
2023-11-22,2023,326,36.84
2023-11-23,2023,327,47.76
2023-11-24,2023,328,80.39
2023-11-25,2023,329,110.76
2023-11-26,2023,330,121.28
2023-11-27,2023,331,38.77
2023-11-28,2023,332,36.64
2023-11-29,2023,333,46.55
2023-11-30,2023,334,36.35
2023-12-01,2023,335,31.34
2023-12-02,2023,336,78.73
2023-12-03,2023,337,27.19
2023-12-04,2023,338,96.47
2023-12-05,2023,339,10.23
2023-12-06,2023,340,95.22
2023-12-07,2023,341,90.47
2023-12-08,2023,342,19.55
2023-12-09,2023,343,105.39
2023-12-10,2023,344,29.73
2023-12-11,2023,345,29.19
2023-12-12,2023,346,2.72
2023-12-13,2023,347,30.67
2023-12-14,2023,348,71.45
2023-12-15,2023,349,75.37
2023-12-16,2023,350,75.4
2023-12-17,2023,351,35.31
2023-12-18,2023,352,28.4
2023-12-19,2023,353,26.85
2023-12-20,2023,354,85.17
2023-12-21,2023,355,24.52
2023-12-22,2023,356,21.86
2023-12-23,2023,357,108.44
2023-12-24,2023,358,25.38
2023-12-25,2023,359,30.85
2023-12-26,2023,360,12.79
2023-12-27,2023,361,99.83
2023-12-28,2023,362,16.66
2023-12-29,2023,363,63.4
2023-12-30,2023,364,40.31
2023-12-31,2023,365,105.02
2024-01-01,2024,1,80.97
2024-01-02,2024,2,103.09
2024-01-03,2024,3,18.24
2024-01-04,2024,4,30.35
2024-01-05,2024,5,21.73
2024-01-06,2024,6,129.22
2024-01-07,2024,7,53.45
2024-01-08,2024,8,36.49
2024-01-09,2024,9,29.16
2024-01-10,2024,10,74.24
2024-01-11,2024,11,44.44
2024-01-12,2024,12,14.55
2024-01-13,2024,13,84.34
2024-01-14,2024,14,36.99
2024-01-15,2024,15,33.73
2024-01-16,2024,16,98.62
2024-01-17,2024,17,34.04
2024-01-18,2024,18,62.13
2024-01-19,2024,19,15.78
2024-01-20,2024,20,109.27
2024-01-21,2024,21,45.15
2024-01-22,2024,22,32.52
2024-01-23,2024,23,64.98
2024-01-24,2024,24,105.31
2024-01-25,2024,25,3.55
2024-01-26,2024,26,31.12
2024-01-27,2024,27,89.4
2024-01-28,2024,28,87.38
2024-01-29,2024,29,112.64
2024-01-30,2024,30,72.57
2024-01-31,2024,31,39.27
2024-02-01,2024,32,37.93
2024-02-02,2024,33,48.79
2024-02-03,2024,34,71.98
2024-02-04,2024,35,83.57
2024-02-05,2024,36,42.36
2024-02-06,2024,37,103.79
2024-02-07,2024,38,45.43
2024-02-08,2024,39,30.57
2024-02-09,2024,40,44.57
2024-02-10,2024,41,119.36
2024-02-11,2024,42,51.31
2024-02-12,2024,43,46.0
2024-02-13,2024,44,82.96
2024-02-14,2024,45,119.4
2024-02-15,2024,46,25.26
2024-02-16,2024,47,32.76
2024-02-17,2024,48,61.01
2024-02-18,2024,49,84.12
2024-02-19,2024,50,25.29
2024-02-20,2024,51,105.4
2024-02-21,2024,52,25.21
2024-02-22,2024,53,82.18
2024-02-23,2024,54,34.83
2024-02-24,2024,55,62.28
2024-02-25,2024,56,57.53
2024-02-26,2024,57,32.73
2024-02-27,2024,58,72.9
2024-02-28,2024,59,39.37
2024-02-29,2024,60,36.43
2024-03-01,2024,61,45.7
2024-03-02,2024,62,66.18
2024-03-03,2024,63,45.57
2024-03-04,2024,64,40.6
2024-03-05,2024,65,35.14
2024-03-06,2024,66,30.97
2024-03-07,2024,67,75.54
2024-03-08,2024,68,103.98
2024-03-09,2024,69,39.38
2024-03-10,2024,70,130.72
2024-03-11,2024,71,82.23
2024-03-12,2024,72,28.01
2024-03-13,2024,73,36.02
2024-03-14,2024,74,32.19
2024-03-15,2024,75,45.97
2024-03-16,2024,76,48.75
2024-03-17,2024,77,39.12
2024-03-18,2024,78,29.45
2024-03-19,2024,79,21.52
2024-03-20,2024,80,39.88
2024-03-21,2024,81,41.32
2024-03-22,2024,82,26.66
2024-03-23,2024,83,133.8
2024-03-24,2024,84,53.1
2024-03-25,2024,85,36.58
2024-03-26,2024,86,30.87
2024-03-27,2024,87,42.03
2024-03-28,2024,88,31.61
2024-03-29,2024,89,111.69
2024-03-30,2024,90,43.35
2024-03-31,2024,91,88.84
2024-04-01,2024,92,108.36
2024-04-02,2024,93,65.93
2024-04-03,2024,94,81.82
2024-04-04,2024,95,26.5
2024-04-05,2024,96,40.43
2024-04-06,2024,97,52.78
2024-04-07,2024,98,55.94
2024-04-08,2024,99,41.52
2024-04-09,2024,100,45.0
2024-04-10,2024,101,35.38
2024-04-11,2024,102,113.07
2024-04-12,2024,103,116.08
2024-04-13,2024,104,56.82
2024-04-14,2024,105,38.62
2024-04-15,2024,106,82.62
2024-04-16,2024,107,20.96
2024-04-17,2024,108,45.82
2024-04-18,2024,109,32.41
2024-04-19,2024,110,38.94
2024-04-20,2024,111,63.29
2024-04-21,2024,112,48.66
2024-04-22,2024,113,47.44
2024-04-23,2024,114,44.78
2024-04-24,2024,115,39.67
2024-04-25,2024,116,45.19
2024-04-26,2024,117,36.84
2024-04-27,2024,118,52.48
2024-04-28,2024,119,48.59
2024-04-29,2024,120,39.42
2024-04-30,2024,121,45.71
2024-05-01,2024,122,33.31
2024-05-02,2024,123,22.27
2024-05-03,2024,124,119.07
2024-05-04,2024,125,44.25
2024-05-05,2024,126,120.25
2024-05-06,2024,127,43.4
2024-05-07,2024,128,43.44
2024-05-08,2024,129,33.23
2024-05-09,2024,130,36.23
2024-05-10,2024,131,111.07
2024-05-11,2024,132,47.7
2024-05-12,2024,133,41.31
2024-05-13,2024,134,36.08
2024-05-14,2024,135,36.27
2024-05-15,2024,136,31.44
2024-05-16,2024,137,25.49
2024-05-17,2024,138,44.24
2024-05-18,2024,139,110.83
2024-05-19,2024,140,96.48
2024-05-20,2024,141,41.77
2024-05-21,2024,142,50.16
2024-05-22,2024,143,38.35
2024-05-23,2024,144,30.96
2024-05-24,2024,145,36.92
2024-05-25,2024,146,63.63
2024-05-26,2024,147,99.67
2024-05-27,2024,148,34.18
2024-05-28,2024,149,38.43
2024-05-29,2024,150,33.6
2024-05-30,2024,151,80.73
2024-05-31,2024,152,35.97
2024-06-01,2024,153,116.2
2024-06-02,2024,154,116.97
2024-06-03,2024,155,75.87
2024-06-04,2024,156,19.97
2024-06-05,2024,157,3.9
2024-06-06,2024,158,90.88
2024-06-07,2024,159,12.25
2024-06-08,2024,160,36.81
2024-06-09,2024,161,39.15
2024-06-10,2024,162,71.0
2024-06-11,2024,163,32.87
2024-06-12,2024,164,78.03
2024-06-13,2024,165,19.14
2024-06-14,2024,166,15.36
2024-06-15,2024,167,36.09
2024-06-16,2024,168,28.59
2024-06-17,2024,169,91.37
2024-06-18,2024,170,90.62
2024-06-19,2024,171,35.5
2024-06-20,2024,172,16.34
2024-06-21,2024,173,25.26
2024-06-22,2024,174,36.94
2024-06-23,2024,175,105.39
2024-06-24,2024,176,16.93
2024-06-25,2024,177,19.46
2024-06-26,2024,178,19.92
2024-06-27,2024,179,23.52
2024-06-28,2024,180,90.94
2024-06-29,2024,181,34.1
2024-06-30,2024,182,38.39
2024-07-01,2024,183,25.02
2024-07-02,2024,184,95.65
2024-07-03,2024,185,33.15
2024-07-04,2024,186,21.3
2024-07-05,2024,187,107.76
2024-07-06,2024,188,115.19
2024-07-07,2024,189,82.44
2024-07-08,2024,190,77.37
2024-07-09,2024,191,105.41
2024-07-10,2024,192,21.79
2024-07-11,2024,193,70.88
2024-07-12,2024,194,98.29
2024-07-13,2024,195,38.33
2024-07-14,2024,196,35.76
2024-07-15,2024,197,67.46
2024-07-16,2024,198,20.53
2024-07-17,2024,199,63.21
2024-07-18,2024,200,24.43
2024-07-19,2024,201,15.64
2024-07-20,2024,202,69.74
2024-07-21,2024,203,30.77
2024-07-22,2024,204,27.53
2024-07-23,2024,205,37.71
2024-07-24,2024,206,60.87
2024-07-25,2024,207,19.98
2024-07-26,2024,208,38.51
2024-07-27,2024,209,59.38
2024-07-28,2024,210,25.29
2024-07-29,2024,211,93.29
2024-07-30,2024,212,15.81
2024-07-31,2024,213,68.69
2024-08-01,2024,214,25.04
2024-08-02,2024,215,22.97
2024-08-03,2024,216,44.73
2024-08-04,2024,217,34.09
2024-08-05,2024,218,65.07
2024-08-06,2024,219,12.42
2024-08-07,2024,220,26.57
2024-08-08,2024,221,42.03
2024-08-09,2024,222,75.46
2024-08-10,2024,223,111.58
2024-08-11,2024,224,27.78
2024-08-12,2024,225,33.18
2024-08-13,2024,226,21.75
2024-08-14,2024,227,94.94
2024-08-15,2024,228,17.25
2024-08-16,2024,229,32.59
2024-08-17,2024,230,112.15
2024-08-18,2024,231,38.64
2024-08-19,2024,232,96.34
2024-08-20,2024,233,17.0
2024-08-21,2024,234,31.54
2024-08-22,2024,235,106.25
2024-08-23,2024,236,34.87
2024-08-24,2024,237,114.37
2024-08-25,2024,238,80.32
2024-08-26,2024,239,21.12
2024-08-27,2024,240,36.46
2024-08-28,2024,241,93.61
2024-08-29,2024,242,12.67
2024-08-30,2024,243,22.67
2024-08-31,2024,244,46.81
2024-09-01,2024,245,44.7
2024-09-02,2024,246,32.14
2024-09-03,2024,247,99.64
2024-09-04,2024,248,82.32
2024-09-05,2024,249,40.54
2024-09-06,2024,250,24.62
2024-09-07,2024,251,52.91
2024-09-08,2024,252,129.12
2024-09-09,2024,253,105.88
2024-09-10,2024,254,33.71
2024-09-11,2024,255,46.67
2024-09-12,2024,256,44.89
2024-09-13,2024,257,27.34
2024-09-14,2024,258,46.56
2024-09-15,2024,259,60.6
2024-09-16,2024,260,49.5
2024-09-17,2024,261,24.05
2024-09-18,2024,262,36.84
2024-09-19,2024,263,117.35
2024-09-20,2024,264,29.44
2024-09-21,2024,265,52.22
2024-09-22,2024,266,53.22
2024-09-23,2024,267,31.82
2024-09-24,2024,268,30.95
2024-09-25,2024,269,34.68
2024-09-26,2024,270,42.33
2024-09-27,2024,271,26.42
2024-09-28,2024,272,42.2
2024-09-29,2024,273,57.21
2024-09-30,2024,274,40.65
2024-10-01,2024,275,36.52
2024-10-02,2024,276,100.15
2024-10-03,2024,277,25.51
2024-10-04,2024,278,47.43
2024-10-05,2024,279,37.05
2024-10-06,2024,280,41.55
2024-10-07,2024,281,85.54
2024-10-08,2024,282,45.7
2024-10-09,2024,283,36.27
2024-10-10,2024,284,33.69
2024-10-11,2024,285,126.41
2024-10-12,2024,286,53.32
2024-10-13,2024,287,119.61
2024-10-14,2024,288,35.94
2024-10-15,2024,289,38.4
2024-10-16,2024,290,36.02
2024-10-17,2024,291,32.4
2024-10-18,2024,292,17.93
2024-10-19,2024,293,108.13
2024-10-20,2024,294,43.77
2024-10-21,2024,295,28.31
2024-10-22,2024,296,32.82
2024-10-23,2024,297,41.98
2024-10-24,2024,298,38.7
2024-10-25,2024,299,25.24
2024-10-26,2024,300,47.91
2024-10-27,2024,301,120.2
2024-10-28,2024,302,38.75
2024-10-29,2024,303,37.82
2024-10-30,2024,304,19.63
2024-10-31,2024,305,85.77
2024-11-01,2024,306,23.81
2024-11-02,2024,307,44.51
2024-11-03,2024,308,48.83
2024-11-04,2024,309,28.26
2024-11-05,2024,310,30.66
2024-11-06,2024,311,34.46
2024-11-07,2024,312,36.98
2024-11-08,2024,313,35.71
2024-11-09,2024,314,58.5
2024-11-10,2024,315,89.76
2024-11-11,2024,316,30.39
2024-11-12,2024,317,30.24
2024-11-13,2024,318,72.8
2024-11-14,2024,319,19.81
2024-11-15,2024,320,40.68
2024-11-16,2024,321,42.67
2024-11-17,2024,322,49.74
2024-11-18,2024,323,39.87
2024-11-19,2024,324,122.39
2024-11-20,2024,325,108.31
2024-11-21,2024,326,29.74
2024-11-22,2024,327,38.3
2024-11-23,2024,328,60.27
2024-11-24,2024,329,125.96
2024-11-25,2024,330,45.47
2024-11-26,2024,331,38.67
2024-11-27,2024,332,36.71
2024-11-28,2024,333,120.84
2024-11-29,2024,334,85.33
2024-11-30,2024,335,57.24
2024-12-01,2024,336,37.99
2024-12-02,2024,337,22.99
2024-12-03,2024,338,20.42
2024-12-04,2024,339,15.43
2024-12-05,2024,340,31.22
2024-12-06,2024,341,22.66
2024-12-07,2024,342,58.82
2024-12-08,2024,343,37.07
2024-12-09,2024,344,115.23
2024-12-10,2024,345,100.5
2024-12-11,2024,346,87.43
2024-12-12,2024,347,14.47
2024-12-13,2024,348,27.91
2024-12-14,2024,349,38.8
2024-12-15,2024,350,31.5
2024-12-16,2024,351,57.44
2024-12-17,2024,352,26.42
2024-12-18,2024,353,31.0
2024-12-19,2024,354,108.35
2024-12-20,2024,355,16.73
2024-12-21,2024,356,39.72
2024-12-22,2024,357,41.35
2024-12-23,2024,358,21.86
2024-12-24,2024,359,20.05
2024-12-25,2024,360,29.88
2024-12-26,2024,361,61.14
2024-12-27,2024,362,102.19
2024-12-28,2024,363,112.08
2024-12-29,2024,364,23.52
2024-12-30,2024,365,34.38
2024-12-31,2024,366,19.24
2025-01-01,2025,1,103.97
2025-01-02,2025,2,21.28
2025-01-03,2025,3,21.12
2025-01-04,2025,4,41.46
2025-01-05,2025,5,83.42
2025-01-06,2025,6,26.73
2025-01-07,2025,7,23.95
2025-01-08,2025,8,71.34
2025-01-09,2025,9,27.39
2025-01-10,2025,10,36.48
2025-01-11,2025,11,55.32
2025-01-12,2025,12,89.71
2025-01-13,2025,13,44.37
2025-01-14,2025,14,87.38
2025-01-15,2025,15,72.43
2025-01-16,2025,16,35.85
2025-01-17,2025,17,36.31
2025-01-18,2025,18,39.61
2025-01-19,2025,19,116.52
2025-01-20,2025,20,31.22
2025-01-21,2025,21,24.3
2025-01-22,2025,22,13.9
2025-01-23,2025,23,28.61
2025-01-24,2025,24,24.68
2025-01-25,2025,25,35.22
2025-01-26,2025,26,103.06
2025-01-27,2025,27,71.54
2025-01-28,2025,28,22.89
2025-01-29,2025,29,29.19
2025-01-30,2025,30,29.19
2025-01-31,2025,31,28.04
2025-02-01,2025,32,55.93
2025-02-02,2025,33,48.98
2025-02-03,2025,34,38.63
2025-02-04,2025,35,44.4
2025-02-05,2025,36,38.44
2025-02-06,2025,37,25.03
2025-02-07,2025,38,50.34
2025-02-08,2025,39,85.23
2025-02-09,2025,40,135.05
2025-02-10,2025,41,31.97
2025-02-11,2025,42,31.07
2025-02-12,2025,43,45.96
2025-02-13,2025,44,88.84
2025-02-14,2025,45,108.81
2025-02-15,2025,46,90.98
2025-02-16,2025,47,63.06
2025-02-17,2025,48,113.14
2025-02-18,2025,49,39.17
2025-02-19,2025,50,96.91
2025-02-20,2025,51,129.31
2025-02-21,2025,52,29.79
2025-02-22,2025,53,30.73
2025-02-23,2025,54,54.8
2025-02-24,2025,55,35.05
2025-02-25,2025,56,43.79
2025-02-26,2025,57,42.2
2025-02-27,2025,58,23.14
2025-02-28,2025,59,39.32
2025-03-01,2025,60,110.74
2025-03-02,2025,61,85.17
2025-03-03,2025,62,15.77
2025-03-04,2025,63,111.84
2025-03-05,2025,64,32.18
2025-03-06,2025,65,47.07
2025-03-07,2025,66,112.69
2025-03-08,2025,67,40.83
2025-03-09,2025,68,48.11
2025-03-10,2025,69,33.96
2025-03-11,2025,70,97.69
2025-03-12,2025,71,24.29
2025-03-13,2025,72,45.14
2025-03-14,2025,73,29.86
2025-03-15,2025,74,79.52
2025-03-16,2025,75,91.15
2025-03-17,2025,76,78.04
2025-03-18,2025,77,22.04
2025-03-19,2025,78,35.06
2025-03-20,2025,79,97.43
2025-03-21,2025,80,107.56
2025-03-22,2025,81,126.24
2025-03-23,2025,82,129.94
2025-03-24,2025,83,38.76
2025-03-25,2025,84,38.17
2025-03-26,2025,85,111.14
2025-03-27,2025,86,38.35
2025-03-28,2025,87,42.83
2025-03-29,2025,88,85.63
2025-03-30,2025,89,80.36
2025-03-31,2025,90,39.84
2025-04-01,2025,91,47.88
2025-04-02,2025,92,44.48
2025-04-03,2025,93,46.68
2025-04-04,2025,94,37.26
2025-04-05,2025,95,106.73
2025-04-06,2025,96,47.31
2025-04-07,2025,97,32.8
2025-04-08,2025,98,26.04
2025-04-09,2025,99,25.92
2025-04-10,2025,100,25.64
2025-04-11,2025,101,109.01
2025-04-12,2025,102,86.89
2025-04-13,2025,103,81.74
2025-04-14,2025,104,86.99
2025-04-15,2025,105,47.25
2025-04-16,2025,106,106.92
2025-04-17,2025,107,37.96
2025-04-18,2025,108,102.25
2025-04-19,2025,109,68.01
2025-04-20,2025,110,38.49
2025-04-21,2025,111,36.43
2025-04-22,2025,112,112.48
2025-04-23,2025,113,24.54
2025-04-24,2025,114,33.73
2025-04-25,2025,115,68.23
2025-04-26,2025,116,53.0
2025-04-27,2025,117,126.97
2025-04-28,2025,118,32.36
2025-04-29,2025,119,27.91
2025-04-30,2025,120,37.64
2025-05-01,2025,121,30.23
2025-05-02,2025,122,28.0
2025-05-03,2025,123,47.44
2025-05-04,2025,124,54.36
2025-05-05,2025,125,36.88
2025-05-06,2025,126,112.45
2025-05-07,2025,127,28.2
2025-05-08,2025,128,37.41
2025-05-09,2025,129,32.52
2025-05-10,2025,130,31.46
2025-05-11,2025,131,50.99
2025-05-12,2025,132,23.34
2025-05-13,2025,133,51.41
2025-05-14,2025,134,113.44
2025-05-15,2025,135,48.26
2025-05-16,2025,136,100.47
2025-05-17,2025,137,35.05
2025-05-18,2025,138,135.28
2025-05-19,2025,139,27.68
2025-05-20,2025,140,32.78
2025-05-21,2025,141,118.14
2025-05-22,2025,142,37.58
2025-05-23,2025,143,58.95
2025-05-24,2025,144,45.01
2025-05-25,2025,145,47.82
2025-05-26,2025,146,66.25
2025-05-27,2025,147,28.83
2025-05-28,2025,148,37.94
2025-05-29,2025,149,33.2
2025-05-30,2025,150,38.67
2025-05-31,2025,151,40.2
2025-06-01,2025,152,26.62
2025-06-02,2025,153,12.66
2025-06-03,2025,154,69.34
2025-06-04,2025,155,55.22
2025-06-05,2025,156,77.23
2025-06-06,2025,157,12.29
2025-06-07,2025,158,16.57
2025-06-08,2025,159,108.16
2025-06-09,2025,160,71.32
2025-06-10,2025,161,64.89
2025-06-11,2025,162,15.75
2025-06-12,2025,163,69.06
2025-06-13,2025,164,85.46
2025-06-14,2025,165,38.65
2025-06-15,2025,166,77.32
2025-06-16,2025,167,22.26
2025-06-17,2025,168,19.38
2025-06-18,2025,169,22.61
2025-06-19,2025,170,28.1
2025-06-20,2025,171,30.13
2025-06-21,2025,172,30.39
2025-06-22,2025,173,41.24
2025-06-23,2025,174,13.51
2025-06-24,2025,175,24.51
2025-06-25,2025,176,40.14
2025-06-26,2025,177,69.61
2025-06-27,2025,178,31.12
2025-06-28,2025,179,105.54
2025-06-29,2025,180,84.72
2025-06-30,2025,181,17.39
2025-07-01,2025,182,16.47
2025-07-02,2025,183,27.79
2025-07-03,2025,184,29.37
2025-07-04,2025,185,25.42
2025-07-05,2025,186,93.81
2025-07-06,2025,187,68.59
2025-07-07,2025,188,21.12
2025-07-08,2025,189,9.37
2025-07-09,2025,190,29.15
2025-07-10,2025,191,15.41
2025-07-11,2025,192,22.03
2025-07-12,2025,193,46.73
2025-07-13,2025,194,20.18
2025-07-14,2025,195,54.06
2025-07-15,2025,196,19.26
2025-07-16,2025,197,24.84
2025-07-17,2025,198,24.84
2025-07-18,2025,199,10.52
2025-07-19,2025,200,21.3
2025-07-20,2025,201,40.73
2025-07-21,2025,202,14.47
2025-07-22,2025,203,73.15
2025-07-23,2025,204,90.87
2025-07-24,2025,205,40.51
2025-07-25,2025,206,32.64
2025-07-26,2025,207,104.94
2025-07-27,2025,208,97.48
2025-07-28,2025,209,26.01
2025-07-29,2025,210,71.68
2025-07-30,2025,211,95.6
2025-07-31,2025,212,15.22
2025-08-01,2025,213,39.97
2025-08-02,2025,214,41.97
2025-08-03,2025,215,53.7
2025-08-04,2025,216,18.67
2025-08-05,2025,217,35.62
2025-08-06,2025,218,35.55
2025-08-07,2025,219,24.29
2025-08-08,2025,220,28.62
2025-08-09,2025,221,32.05
2025-08-10,2025,222,91.84
2025-08-11,2025,223,32.63
2025-08-12,2025,224,31.61
2025-08-13,2025,225,115.93
2025-08-14,2025,226,24.83
2025-08-15,2025,227,69.22
2025-08-16,2025,228,21.22
2025-08-17,2025,229,34.72
2025-08-18,2025,230,69.87
2025-08-19,2025,231,25.59
2025-08-20,2025,232,29.68
2025-08-21,2025,233,110.12
2025-08-22,2025,234,73.34
2025-08-23,2025,235,98.33
2025-08-24,2025,236,111.47
2025-08-25,2025,237,25.26
2025-08-26,2025,238,24.42
2025-08-27,2025,239,37.82
2025-08-28,2025,240,18.56
2025-08-29,2025,241,27.81
2025-08-30,2025,242,29.08
2025-08-31,2025,243,36.3
2025-09-01,2025,244,93.24
2025-09-02,2025,245,26.16
2025-09-03,2025,246,26.73
2025-09-04,2025,247,36.0
2025-09-05,2025,248,38.81
2025-09-06,2025,249,41.43
2025-09-07,2025,250,50.21
2025-09-08,2025,251,61.16
2025-09-09,2025,252,41.64
2025-09-10,2025,253,40.53
2025-09-11,2025,254,80.94
2025-09-12,2025,255,111.92
2025-09-13,2025,256,127.81
2025-09-14,2025,257,50.13
2025-09-15,2025,258,39.34
2025-09-16,2025,259,37.65
2025-09-17,2025,260,113.24
2025-09-18,2025,261,34.46
2025-09-19,2025,262,33.29
2025-09-20,2025,263,49.17
2025-09-21,2025,264,39.94
2025-09-22,2025,265,29.48
2025-09-23,2025,266,33.92
2025-09-24,2025,267,39.83
2025-09-25,2025,268,39.34
2025-09-26,2025,269,78.2
2025-09-27,2025,270,95.89
2025-09-28,2025,271,54.87
2025-09-29,2025,272,114.27
2025-09-30,2025,273,62.88
2025-10-01,2025,274,40.96
2025-10-02,2025,275,44.13
2025-10-03,2025,276,31.76
2025-10-04,2025,277,122.61
2025-10-05,2025,278,85.3
2025-10-06,2025,279,20.6
2025-10-07,2025,280,115.34
2025-10-08,2025,281,26.19
2025-10-09,2025,282,36.96
2025-10-10,2025,283,34.84
2025-10-11,2025,284,131.11
2025-10-12,2025,285,46.34
2025-10-13,2025,286,50.41
2025-10-14,2025,287,102.76
2025-10-15,2025,288,51.02
2025-10-16,2025,289,31.99
2025-10-17,2025,290,50.67
2025-10-18,2025,291,49.28
2025-10-19,2025,292,56.0
2025-10-20,2025,293,95.13
2025-10-21,2025,294,99.36
2025-10-22,2025,295,51.73
2025-10-23,2025,296,46.77
2025-10-24,2025,297,120.91
2025-10-25,2025,298,48.73
2025-10-26,2025,299,59.87
2025-10-27,2025,300,36.3
2025-10-28,2025,301,77.04
2025-10-29,2025,302,31.4
2025-10-30,2025,303,40.33
2025-10-31,2025,304,38.52
2025-11-01,2025,305,62.6
2025-11-02,2025,306,47.8
2025-11-03,2025,307,102.94
2025-11-04,2025,308,40.64
2025-11-05,2025,309,91.55
2025-11-06,2025,310,40.8
2025-11-07,2025,311,120.12
2025-11-08,2025,312,103.0
2025-11-09,2025,313,87.48
2025-11-10,2025,314,39.09
2025-11-11,2025,315,120.16
2025-11-12,2025,316,36.42
2025-11-13,2025,317,27.97
2025-11-14,2025,318,37.71
2025-11-15,2025,319,46.49
2025-11-16,2025,320,112.07
2025-11-17,2025,321,46.12
2025-11-18,2025,322,22.48
2025-11-19,2025,323,28.29
2025-11-20,2025,324,33.48
2025-11-21,2025,325,27.64
2025-11-22,2025,326,52.72
2025-11-23,2025,327,48.18
2025-11-24,2025,328,41.43
2025-11-25,2025,329,124.71
2025-11-26,2025,330,27.68
2025-11-27,2025,331,47.37
2025-11-28,2025,332,33.64
2025-11-29,2025,333,44.84
2025-11-30,2025,334,40.61
2025-12-01,2025,335,15.75
2025-12-02,2025,336,23.38
2025-12-03,2025,337,54.78
2025-12-04,2025,338,72.9
2025-12-05,2025,339,25.4
2025-12-06,2025,340,43.25
2025-12-07,2025,341,106.75
2025-12-08,2025,342,99.72
2025-12-09,2025,343,19.53
2025-12-10,2025,344,29.26
2025-12-11,2025,345,15.03
2025-12-12,2025,346,11.39
2025-12-13,2025,347,111.18
2025-12-14,2025,348,20.86
2025-12-15,2025,349,13.8
2025-12-16,2025,350,15.84
2025-12-17,2025,351,106.11
2025-12-18,2025,352,100.37
2025-12-19,2025,353,30.93
2025-12-20,2025,354,43.94
2025-12-21,2025,355,33.44
2025-12-22,2025,356,95.01
2025-12-23,2025,357,21.28
2025-12-24,2025,358,13.71
2025-12-25,2025,359,18.81
2025-12-26,2025,360,25.68
2025-12-27,2025,361,33.8
2025-12-28,2025,362,36.35
2025-12-29,2025,363,101.58
2025-12-30,2025,364,38.03
2025-12-31,2025,365,17.09
2026-01-01,2026,1,30.82
2026-01-02,2026,2,101.81
2026-01-03,2026,3,32.57
2026-01-04,2026,4,71.3
2026-01-05,2026,5,42.52
2026-01-06,2026,6,21.37
2026-01-07,2026,7,28.33
2026-01-08,2026,8,35.65
2026-01-09,2026,9,24.1
2026-01-10,2026,10,46.5
2026-01-11,2026,11,32.22
2026-01-12,2026,12,15.02
